-- phpMyAdmin SQL Dump
-- version 5.2.2
-- https://www.phpmyadmin.net/
--
-- Host: localhost:3306
-- Generation Time: Jul 21, 2025 at 07:48 PM
-- Server version: 8.0.30
-- PHP Version: 8.1.10

SET SQL_MODE = "NO_AUTO_VALUE_ON_ZERO";
START TRANSACTION;
SET time_zone = "+00:00";


/*!40101 SET @OLD_CHARACTER_SET_CLIENT=@@CHARACTER_SET_CLIENT */;
/*!40101 SET @OLD_CHARACTER_SET_RESULTS=@@CHARACTER_SET_RESULTS */;
/*!40101 SET @OLD_COLLATION_CONNECTION=@@COLLATION_CONNECTION */;
/*!40101 SET NAMES utf8mb4 */;

--
-- Database: `gudang_db`
--

DELIMITER $$
--
-- Procedures
--
CREATE DEFINER=`root`@`localhost` PROCEDURE `cek_produk` (IN `kat_id` INT, OUT `jumlah` INT)   BEGIN
  SELECT COUNT(*) INTO jumlah FROM products WHERE category_id = kat_id;
  IF jumlah = 0 THEN
    SELECT 'Tidak ada produk di kategori ini' AS pesan;
  ELSE
    SELECT * FROM products WHERE category_id = kat_id;
  END IF;
END$$

CREATE DEFINER=`root`@`localhost` PROCEDURE `tampilkan_kategori` ()   BEGIN
  SELECT * FROM categories;
END$$

--
-- Functions
--
CREATE DEFINER=`root`@`localhost` FUNCTION `total_produk_kategori` (`kat_id` INT, `min_harga` DECIMAL(10,2)) RETURNS INT DETERMINISTIC BEGIN
  DECLARE total INT;
  SELECT COUNT(*) INTO total FROM products WHERE category_id = kat_id AND price >= min_harga;
  RETURN total;
END$$

CREATE DEFINER=`root`@`localhost` FUNCTION `total_user` () RETURNS INT DETERMINISTIC BEGIN
  DECLARE total INT;
  SELECT COUNT(*) INTO total FROM users;
  RETURN total;
END$$

DELIMITER ;

-- --------------------------------------------------------

--
-- Table structure for table `categories`
--

CREATE TABLE `categories` (
  `category_id` int NOT NULL,
  `name` varchar(100) DEFAULT NULL,
  `created_at` timestamp NULL DEFAULT NULL,
  `updated_at` timestamp NULL DEFAULT NULL
) ENGINE=InnoDB DEFAULT CHARSET=utf8mb4 COLLATE=utf8mb4_0900_ai_ci;

--
-- Dumping data for table `categories`
--

INSERT INTO `categories` (`category_id`, `name`, `created_at`, `updated_at`) VALUES
(1, 'Makanan', NULL, NULL),
(2, 'Minuman', NULL, NULL),
(3, 'Elektronik', NULL, NULL),
(4, 'Alat Tulis', NULL, NULL),
(5, 'Pakaian', NULL, NULL);

-- --------------------------------------------------------

--
-- Table structure for table `log_delete_order`
--

CREATE TABLE `log_delete_order` (
  `id` int NOT NULL,
  `order_id` int DEFAULT NULL,
  `waktu` datetime DEFAULT NULL
) ENGINE=InnoDB DEFAULT CHARSET=utf8mb4 COLLATE=utf8mb4_0900_ai_ci;

-- --------------------------------------------------------

--
-- Table structure for table `log_update_harga`
--

CREATE TABLE `log_update_harga` (
  `id` int NOT NULL,
  `product_id` int DEFAULT NULL,
  `old_price` decimal(10,2) DEFAULT NULL,
  `new_price` decimal(10,2) DEFAULT NULL,
  `waktu` datetime DEFAULT NULL
) ENGINE=InnoDB DEFAULT CHARSET=utf8mb4 COLLATE=utf8mb4_0900_ai_ci;

--
-- Dumping data for table `log_update_harga`
--

INSERT INTO `log_update_harga` (`id`, `product_id`, `old_price`, `new_price`, `waktu`) VALUES
(1, 6007, 12.00, 12000.00, '2025-07-22 02:39:50');

-- --------------------------------------------------------

--
-- Table structure for table `orders`
--

CREATE TABLE `orders` (
  `order_id` int NOT NULL,
  `user_id` int DEFAULT NULL,
  `order_date` date DEFAULT NULL,
  `created_at` timestamp NULL DEFAULT NULL,
  `updated_at` timestamp NULL DEFAULT NULL
) ENGINE=InnoDB DEFAULT CHARSET=utf8mb4 COLLATE=utf8mb4_0900_ai_ci;

--
-- Dumping data for table `orders`
--

INSERT INTO `orders` (`order_id`, `user_id`, `order_date`, `created_at`, `updated_at`) VALUES
(421, 1, '2007-04-07', '2025-07-21 10:27:32', '2025-07-21 10:27:32'),
(422, 1, '2003-11-09', '2025-07-21 10:27:32', '2025-07-21 10:27:32'),
(423, 1, '2010-09-30', '2025-07-21 10:27:32', '2025-07-21 10:27:32'),
(424, 2, '1971-04-23', '2025-07-21 10:27:32', '2025-07-21 10:27:32'),
(425, 2, '2009-03-09', '2025-07-21 10:27:32', '2025-07-21 10:27:32'),
(426, 2, '2009-07-28', '2025-07-21 10:27:32', '2025-07-21 10:27:32'),
(427, 3, '1972-11-27', '2025-07-21 10:27:32', '2025-07-21 10:27:32'),
(428, 3, '2016-11-11', '2025-07-21 10:27:32', '2025-07-21 10:27:32'),
(429, 3, '1984-02-10', '2025-07-21 10:27:32', '2025-07-21 10:27:32'),
(430, 4, '1988-10-10', '2025-07-21 10:27:32', '2025-07-21 10:27:32'),
(431, 4, '2019-03-18', '2025-07-21 10:27:32', '2025-07-21 10:27:32'),
(432, 4, '1980-01-25', '2025-07-21 10:27:32', '2025-07-21 10:27:32'),
(433, 5, '1999-08-23', '2025-07-21 10:27:32', '2025-07-21 10:27:32'),
(434, 5, '1974-03-31', '2025-07-21 10:27:32', '2025-07-21 10:27:32'),
(435, 5, '2021-08-28', '2025-07-21 10:27:32', '2025-07-21 10:27:32'),
(436, 6, '1970-01-30', '2025-07-21 10:27:32', '2025-07-21 10:27:32'),
(437, 6, '2009-01-12', '2025-07-21 10:27:32', '2025-07-21 10:27:32'),
(438, 6, '2013-12-09', '2025-07-21 10:27:32', '2025-07-21 10:27:32'),
(439, 7, '1991-10-25', '2025-07-21 10:27:32', '2025-07-21 10:27:32'),
(440, 7, '1973-09-10', '2025-07-21 10:27:32', '2025-07-21 10:27:32'),
(441, 7, '1977-10-12', '2025-07-21 10:27:32', '2025-07-21 10:27:32'),
(442, 8, '1995-01-14', '2025-07-21 10:27:32', '2025-07-21 10:27:32'),
(443, 8, '1992-04-19', '2025-07-21 10:27:32', '2025-07-21 10:27:32'),
(444, 8, '1979-10-02', '2025-07-21 10:27:32', '2025-07-21 10:27:32'),
(445, 9, '2019-02-08', '2025-07-21 10:27:32', '2025-07-21 10:27:32'),
(446, 9, '1986-11-27', '2025-07-21 10:27:32', '2025-07-21 10:27:32'),
(447, 9, '1989-06-06', '2025-07-21 10:27:32', '2025-07-21 10:27:32'),
(448, 10, '1985-09-09', '2025-07-21 10:27:32', '2025-07-21 10:27:32'),
(449, 10, '1972-05-17', '2025-07-21 10:27:32', '2025-07-21 10:27:32'),
(450, 10, '2000-01-13', '2025-07-21 10:27:32', '2025-07-21 10:27:32'),
(451, 11, '1996-03-06', '2025-07-21 10:27:32', '2025-07-21 10:27:32'),
(452, 11, '1995-08-06', '2025-07-21 10:27:32', '2025-07-21 10:27:32'),
(453, 11, '2004-02-10', '2025-07-21 10:27:32', '2025-07-21 10:27:32'),
(454, 12, '1998-01-30', '2025-07-21 10:27:32', '2025-07-21 10:27:32'),
(455, 12, '1974-03-20', '2025-07-21 10:27:32', '2025-07-21 10:27:32'),
(456, 12, '2025-03-29', '2025-07-21 10:27:32', '2025-07-21 10:27:32'),
(457, 13, '1979-03-17', '2025-07-21 10:27:32', '2025-07-21 10:27:32'),
(458, 13, '2005-03-11', '2025-07-21 10:27:32', '2025-07-21 10:27:32'),
(459, 13, '1987-11-20', '2025-07-21 10:27:32', '2025-07-21 10:27:32'),
(460, 14, '1999-08-24', '2025-07-21 10:27:32', '2025-07-21 10:27:32'),
(461, 14, '1980-12-18', '2025-07-21 10:27:32', '2025-07-21 10:27:32'),
(462, 14, '2003-05-04', '2025-07-21 10:27:32', '2025-07-21 10:27:32'),
(463, 15, '1974-12-14', '2025-07-21 10:27:32', '2025-07-21 10:27:32'),
(464, 15, '1983-11-15', '2025-07-21 10:27:32', '2025-07-21 10:27:32'),
(465, 15, '1997-06-28', '2025-07-21 10:27:32', '2025-07-21 10:27:32'),
(466, 16, '1981-06-21', '2025-07-21 10:27:32', '2025-07-21 10:27:32'),
(467, 16, '1999-09-02', '2025-07-21 10:27:32', '2025-07-21 10:27:32'),
(468, 16, '1980-09-04', '2025-07-21 10:27:32', '2025-07-21 10:27:32'),
(469, 17, '1999-10-17', '2025-07-21 10:27:32', '2025-07-21 10:27:32'),
(470, 17, '1974-11-26', '2025-07-21 10:27:32', '2025-07-21 10:27:32'),
(471, 17, '2007-01-03', '2025-07-21 10:27:32', '2025-07-21 10:27:32'),
(472, 18, '2001-10-18', '2025-07-21 10:27:32', '2025-07-21 10:27:32'),
(473, 18, '1984-04-04', '2025-07-21 10:27:32', '2025-07-21 10:27:32'),
(474, 18, '2019-12-09', '2025-07-21 10:27:32', '2025-07-21 10:27:32'),
(475, 19, '2024-07-17', '2025-07-21 10:27:32', '2025-07-21 10:27:32'),
(476, 19, '1992-02-21', '2025-07-21 10:27:32', '2025-07-21 10:27:32'),
(477, 19, '1992-05-10', '2025-07-21 10:27:32', '2025-07-21 10:27:32'),
(478, 20, '2024-07-08', '2025-07-21 10:27:32', '2025-07-21 10:27:32'),
(479, 20, '2023-12-11', '2025-07-21 10:27:32', '2025-07-21 10:27:32'),
(480, 20, '2017-10-07', '2025-07-21 10:27:32', '2025-07-21 10:27:32'),
(481, 21, '1987-07-07', '2025-07-21 10:27:32', '2025-07-21 10:27:32'),
(482, 21, '2002-07-06', '2025-07-21 10:27:32', '2025-07-21 10:27:32'),
(483, 21, '2018-06-27', '2025-07-21 10:27:32', '2025-07-21 10:27:32'),
(484, 22, '2014-12-22', '2025-07-21 10:27:32', '2025-07-21 10:27:32'),
(485, 22, '2006-05-01', '2025-07-21 10:27:32', '2025-07-21 10:27:32'),
(486, 22, '2017-11-05', '2025-07-21 10:27:32', '2025-07-21 10:27:32'),
(487, 23, '1991-06-29', '2025-07-21 10:27:32', '2025-07-21 10:27:32'),
(488, 23, '2005-07-14', '2025-07-21 10:27:32', '2025-07-21 10:27:32'),
(489, 23, '2018-04-11', '2025-07-21 10:27:32', '2025-07-21 10:27:32'),
(490, 24, '2011-05-16', '2025-07-21 10:27:32', '2025-07-21 10:27:32'),
(491, 24, '2007-11-05', '2025-07-21 10:27:32', '2025-07-21 10:27:32'),
(492, 24, '1988-09-10', '2025-07-21 10:27:32', '2025-07-21 10:27:32'),
(493, 25, '1983-02-21', '2025-07-21 10:27:32', '2025-07-21 10:27:32'),
(494, 25, '1991-04-22', '2025-07-21 10:27:32', '2025-07-21 10:27:32'),
(495, 25, '2005-12-10', '2025-07-21 10:27:32', '2025-07-21 10:27:32');

--
-- Triggers `orders`
--
DELIMITER $$
CREATE TRIGGER `before_delete_order` BEFORE DELETE ON `orders` FOR EACH ROW BEGIN
  INSERT INTO log_delete_order (order_id, waktu)
  VALUES (OLD.order_id, NOW());
END
$$
DELIMITER ;

-- --------------------------------------------------------

--
-- Table structure for table `order_product`
--

CREATE TABLE `order_product` (
  `order_id` int NOT NULL,
  `product_id` int NOT NULL,
  `quantity` int DEFAULT NULL,
  `created_at` timestamp NULL DEFAULT NULL,
  `updated_at` timestamp NULL DEFAULT NULL
) ENGINE=InnoDB DEFAULT CHARSET=utf8mb4 COLLATE=utf8mb4_0900_ai_ci;

-- --------------------------------------------------------

--
-- Table structure for table `products`
--

CREATE TABLE `products` (
  `product_id` int NOT NULL,
  `name` varchar(100) DEFAULT NULL,
  `price` decimal(10,2) DEFAULT NULL,
  `category_id` int DEFAULT NULL,
  `created_at` timestamp NULL DEFAULT NULL,
  `updated_at` timestamp NULL DEFAULT NULL
) ENGINE=InnoDB DEFAULT CHARSET=utf8mb4 COLLATE=utf8mb4_0900_ai_ci;

--
-- Dumping data for table `products`
--

INSERT INTO `products` (`product_id`, `name`, `price`, `category_id`, `created_at`, `updated_at`) VALUES
(5007, 'sunt', 86838.00, 1, '2025-07-21 12:33:35', '2025-07-21 12:33:35'),
(5008, 'eaque', 34182.00, 1, '2025-07-21 12:33:35', '2025-07-21 12:33:35'),
(5009, 'sunt', 87822.00, 1, '2025-07-21 12:33:35', '2025-07-21 12:33:35'),
(5010, 'laboriosam', 48741.00, 1, '2025-07-21 12:33:35', '2025-07-21 12:33:35'),
(5011, 'molestiae', 67341.00, 1, '2025-07-21 12:33:35', '2025-07-21 12:33:35'),
(5012, 'vero', 85054.00, 1, '2025-07-21 12:33:35', '2025-07-21 12:33:35'),
(5013, 'ut', 93619.00, 1, '2025-07-21 12:33:35', '2025-07-21 12:33:35'),
(5014, 'et', 74545.00, 1, '2025-07-21 12:33:35', '2025-07-21 12:33:35'),
(5015, 'dolores', 11331.00, 1, '2025-07-21 12:33:35', '2025-07-21 12:33:35'),
(5016, 'nihil', 88661.00, 1, '2025-07-21 12:33:35', '2025-07-21 12:33:35'),
(5017, 'dolore', 69976.00, 1, '2025-07-21 12:33:35', '2025-07-21 12:33:35'),
(5018, 'consequatur', 62946.00, 1, '2025-07-21 12:33:35', '2025-07-21 12:33:35'),
(5019, 'consequatur', 55641.00, 1, '2025-07-21 12:33:35', '2025-07-21 12:33:35'),
(5020, 'aspernatur', 62035.00, 1, '2025-07-21 12:33:35', '2025-07-21 12:33:35'),
(5021, 'ab', 4540.00, 1, '2025-07-21 12:33:35', '2025-07-21 12:33:35'),
(5022, 'corrupti', 92292.00, 1, '2025-07-21 12:33:35', '2025-07-21 12:33:35'),
(5023, 'aut', 90636.00, 1, '2025-07-21 12:33:35', '2025-07-21 12:33:35'),
(5024, 'et', 37792.00, 1, '2025-07-21 12:33:35', '2025-07-21 12:33:35'),
(5025, 'deleniti', 23998.00, 1, '2025-07-21 12:33:35', '2025-07-21 12:33:35'),
(5026, 'suscipit', 8116.00, 1, '2025-07-21 12:33:35', '2025-07-21 12:33:35'),
(5027, 'quae', 57395.00, 1, '2025-07-21 12:33:35', '2025-07-21 12:33:35'),
(5028, 'ea', 73945.00, 1, '2025-07-21 12:33:35', '2025-07-21 12:33:35'),
(5029, 'quia', 55858.00, 1, '2025-07-21 12:33:35', '2025-07-21 12:33:35'),
(5030, 'veniam', 7023.00, 1, '2025-07-21 12:33:35', '2025-07-21 12:33:35'),
(5031, 'est', 35772.00, 1, '2025-07-21 12:33:35', '2025-07-21 12:33:35'),
(5032, 'impedit', 75469.00, 1, '2025-07-21 12:33:35', '2025-07-21 12:33:35'),
(5033, 'cupiditate', 46270.00, 1, '2025-07-21 12:33:35', '2025-07-21 12:33:35'),
(5034, 'commodi', 13789.00, 1, '2025-07-21 12:33:35', '2025-07-21 12:33:35'),
(5035, 'recusandae', 22690.00, 1, '2025-07-21 12:33:35', '2025-07-21 12:33:35'),
(5036, 'perferendis', 56534.00, 1, '2025-07-21 12:33:35', '2025-07-21 12:33:35'),
(5037, 'quisquam', 56215.00, 1, '2025-07-21 12:33:35', '2025-07-21 12:33:35'),
(5038, 'alias', 78015.00, 1, '2025-07-21 12:33:35', '2025-07-21 12:33:35'),
(5039, 'fugit', 48366.00, 1, '2025-07-21 12:33:35', '2025-07-21 12:33:35'),
(5040, 'animi', 38575.00, 1, '2025-07-21 12:33:35', '2025-07-21 12:33:35'),
(5041, 'voluptas', 98124.00, 1, '2025-07-21 12:33:35', '2025-07-21 12:33:35'),
(5042, 'odio', 10606.00, 1, '2025-07-21 12:33:35', '2025-07-21 12:33:35'),
(5043, 'deleniti', 15121.00, 1, '2025-07-21 12:33:35', '2025-07-21 12:33:35'),
(5044, 'a', 81958.00, 1, '2025-07-21 12:33:35', '2025-07-21 12:33:35'),
(5045, 'rerum', 81855.00, 1, '2025-07-21 12:33:35', '2025-07-21 12:33:35'),
(5046, 'sed', 70190.00, 1, '2025-07-21 12:33:35', '2025-07-21 12:33:35'),
(5047, 'autem', 94862.00, 1, '2025-07-21 12:33:35', '2025-07-21 12:33:35'),
(5048, 'eveniet', 50938.00, 1, '2025-07-21 12:33:35', '2025-07-21 12:33:35'),
(5049, 'aliquid', 81910.00, 1, '2025-07-21 12:33:35', '2025-07-21 12:33:35'),
(5050, 'tenetur', 53742.00, 1, '2025-07-21 12:33:35', '2025-07-21 12:33:35'),
(5051, 'dolore', 28418.00, 1, '2025-07-21 12:33:35', '2025-07-21 12:33:35'),
(5052, 'exercitationem', 85754.00, 1, '2025-07-21 12:33:35', '2025-07-21 12:33:35'),
(5053, 'optio', 33011.00, 1, '2025-07-21 12:33:35', '2025-07-21 12:33:35'),
(5054, 'odio', 32878.00, 1, '2025-07-21 12:33:35', '2025-07-21 12:33:35'),
(5055, 'pariatur', 10712.00, 1, '2025-07-21 12:33:35', '2025-07-21 12:33:35'),
(5056, 'officiis', 51435.00, 1, '2025-07-21 12:33:35', '2025-07-21 12:33:35'),
(5057, 'repellendus', 81964.00, 1, '2025-07-21 12:33:35', '2025-07-21 12:33:35'),
(5058, 'aut', 88402.00, 1, '2025-07-21 12:33:35', '2025-07-21 12:33:35'),
(5059, 'nihil', 10575.00, 1, '2025-07-21 12:33:35', '2025-07-21 12:33:35'),
(5060, 'eos', 50731.00, 1, '2025-07-21 12:33:35', '2025-07-21 12:33:35'),
(5061, 'placeat', 10416.00, 1, '2025-07-21 12:33:35', '2025-07-21 12:33:35'),
(5062, 'optio', 26477.00, 1, '2025-07-21 12:33:35', '2025-07-21 12:33:35'),
(5063, 'labore', 87429.00, 1, '2025-07-21 12:33:35', '2025-07-21 12:33:35'),
(5064, 'sunt', 38558.00, 1, '2025-07-21 12:33:35', '2025-07-21 12:33:35'),
(5065, 'tempora', 21977.00, 1, '2025-07-21 12:33:35', '2025-07-21 12:33:35'),
(5066, 'perferendis', 59140.00, 1, '2025-07-21 12:33:35', '2025-07-21 12:33:35'),
(5067, 'necessitatibus', 70018.00, 1, '2025-07-21 12:33:35', '2025-07-21 12:33:35'),
(5068, 'eius', 97595.00, 1, '2025-07-21 12:33:35', '2025-07-21 12:33:35'),
(5069, 'mollitia', 27997.00, 1, '2025-07-21 12:33:35', '2025-07-21 12:33:35'),
(5070, 'harum', 94893.00, 1, '2025-07-21 12:33:35', '2025-07-21 12:33:35'),
(5071, 'ad', 82038.00, 1, '2025-07-21 12:33:35', '2025-07-21 12:33:35'),
(5072, 'qui', 96595.00, 1, '2025-07-21 12:33:35', '2025-07-21 12:33:35'),
(5073, 'quos', 36566.00, 1, '2025-07-21 12:33:35', '2025-07-21 12:33:35'),
(5074, 'maiores', 30926.00, 1, '2025-07-21 12:33:35', '2025-07-21 12:33:35'),
(5075, 'magnam', 28184.00, 1, '2025-07-21 12:33:35', '2025-07-21 12:33:35'),
(5076, 'adipisci', 82175.00, 1, '2025-07-21 12:33:35', '2025-07-21 12:33:35'),
(5077, 'temporibus', 6627.00, 1, '2025-07-21 12:33:35', '2025-07-21 12:33:35'),
(5078, 'earum', 56088.00, 1, '2025-07-21 12:33:35', '2025-07-21 12:33:35'),
(5079, 'aut', 25603.00, 1, '2025-07-21 12:33:35', '2025-07-21 12:33:35'),
(5080, 'aut', 2964.00, 1, '2025-07-21 12:33:35', '2025-07-21 12:33:35'),
(5081, 'dignissimos', 48480.00, 1, '2025-07-21 12:33:35', '2025-07-21 12:33:35'),
(5082, 'labore', 63452.00, 1, '2025-07-21 12:33:35', '2025-07-21 12:33:35'),
(5083, 'voluptates', 48646.00, 1, '2025-07-21 12:33:35', '2025-07-21 12:33:35'),
(5084, 'autem', 69687.00, 1, '2025-07-21 12:33:35', '2025-07-21 12:33:35'),
(5085, 'aut', 3991.00, 1, '2025-07-21 12:33:35', '2025-07-21 12:33:35'),
(5086, 'sapiente', 44920.00, 1, '2025-07-21 12:33:35', '2025-07-21 12:33:35'),
(5087, 'dolorem', 74438.00, 1, '2025-07-21 12:33:35', '2025-07-21 12:33:35'),
(5088, 'eum', 1816.00, 1, '2025-07-21 12:33:35', '2025-07-21 12:33:35'),
(5089, 'id', 35634.00, 1, '2025-07-21 12:33:35', '2025-07-21 12:33:35'),
(5090, 'at', 61595.00, 1, '2025-07-21 12:33:35', '2025-07-21 12:33:35'),
(5091, 'ut', 15803.00, 1, '2025-07-21 12:33:35', '2025-07-21 12:33:35'),
(5092, 'ea', 53093.00, 1, '2025-07-21 12:33:35', '2025-07-21 12:33:35'),
(5093, 'ab', 29537.00, 1, '2025-07-21 12:33:35', '2025-07-21 12:33:35'),
(5094, 'possimus', 1380.00, 1, '2025-07-21 12:33:35', '2025-07-21 12:33:35'),
(5095, 'tempora', 32121.00, 1, '2025-07-21 12:33:35', '2025-07-21 12:33:35'),
(5096, 'esse', 58674.00, 1, '2025-07-21 12:33:35', '2025-07-21 12:33:35'),
(5097, 'sint', 48754.00, 1, '2025-07-21 12:33:35', '2025-07-21 12:33:35'),
(5098, 'ex', 73102.00, 1, '2025-07-21 12:33:35', '2025-07-21 12:33:35'),
(5099, 'harum', 1652.00, 1, '2025-07-21 12:33:35', '2025-07-21 12:33:35'),
(5100, 'officia', 98211.00, 1, '2025-07-21 12:33:35', '2025-07-21 12:33:35'),
(5101, 'distinctio', 87560.00, 1, '2025-07-21 12:33:35', '2025-07-21 12:33:35'),
(5102, 'dolor', 31169.00, 1, '2025-07-21 12:33:35', '2025-07-21 12:33:35'),
(5103, 'impedit', 18962.00, 1, '2025-07-21 12:33:35', '2025-07-21 12:33:35'),
(5104, 'pariatur', 49425.00, 1, '2025-07-21 12:33:35', '2025-07-21 12:33:35'),
(5105, 'veritatis', 70911.00, 1, '2025-07-21 12:33:35', '2025-07-21 12:33:35'),
(5106, 'at', 93425.00, 1, '2025-07-21 12:33:35', '2025-07-21 12:33:35'),
(5107, 'atque', 2087.00, 1, '2025-07-21 12:33:35', '2025-07-21 12:33:35'),
(5108, 'officiis', 36916.00, 1, '2025-07-21 12:33:35', '2025-07-21 12:33:35'),
(5109, 'eos', 35050.00, 1, '2025-07-21 12:33:35', '2025-07-21 12:33:35'),
(5110, 'aut', 67280.00, 1, '2025-07-21 12:33:35', '2025-07-21 12:33:35'),
(5111, 'odio', 33232.00, 1, '2025-07-21 12:33:35', '2025-07-21 12:33:35'),
(5112, 'repellat', 28577.00, 1, '2025-07-21 12:33:35', '2025-07-21 12:33:35'),
(5113, 'omnis', 45249.00, 1, '2025-07-21 12:33:35', '2025-07-21 12:33:35'),
(5114, 'optio', 51928.00, 1, '2025-07-21 12:33:35', '2025-07-21 12:33:35'),
(5115, 'qui', 54560.00, 1, '2025-07-21 12:33:35', '2025-07-21 12:33:35'),
(5116, 'reprehenderit', 32235.00, 1, '2025-07-21 12:33:35', '2025-07-21 12:33:35'),
(5117, 'quas', 93627.00, 1, '2025-07-21 12:33:35', '2025-07-21 12:33:35'),
(5118, 'sunt', 60325.00, 1, '2025-07-21 12:33:35', '2025-07-21 12:33:35'),
(5119, 'nihil', 9661.00, 1, '2025-07-21 12:33:35', '2025-07-21 12:33:35'),
(5120, 'neque', 76995.00, 1, '2025-07-21 12:33:35', '2025-07-21 12:33:35'),
(5121, 'eum', 44504.00, 1, '2025-07-21 12:33:35', '2025-07-21 12:33:35'),
(5122, 'voluptas', 71412.00, 1, '2025-07-21 12:33:35', '2025-07-21 12:33:35'),
(5123, 'est', 95599.00, 1, '2025-07-21 12:33:35', '2025-07-21 12:33:35'),
(5124, 'harum', 15002.00, 1, '2025-07-21 12:33:35', '2025-07-21 12:33:35'),
(5125, 'explicabo', 8474.00, 1, '2025-07-21 12:33:35', '2025-07-21 12:33:35'),
(5126, 'a', 33464.00, 1, '2025-07-21 12:33:35', '2025-07-21 12:33:35'),
(5127, 'rem', 79908.00, 1, '2025-07-21 12:33:35', '2025-07-21 12:33:35'),
(5128, 'deserunt', 81514.00, 1, '2025-07-21 12:33:35', '2025-07-21 12:33:35'),
(5129, 'error', 45549.00, 1, '2025-07-21 12:33:35', '2025-07-21 12:33:35'),
(5130, 'ut', 14661.00, 1, '2025-07-21 12:33:35', '2025-07-21 12:33:35'),
(5131, 'ut', 91264.00, 1, '2025-07-21 12:33:35', '2025-07-21 12:33:35'),
(5132, 'nihil', 51523.00, 1, '2025-07-21 12:33:35', '2025-07-21 12:33:35'),
(5133, 'doloremque', 65686.00, 1, '2025-07-21 12:33:35', '2025-07-21 12:33:35'),
(5134, 'enim', 90147.00, 1, '2025-07-21 12:33:35', '2025-07-21 12:33:35'),
(5135, 'in', 51233.00, 1, '2025-07-21 12:33:35', '2025-07-21 12:33:35'),
(5136, 'maxime', 43559.00, 1, '2025-07-21 12:33:35', '2025-07-21 12:33:35'),
(5137, 'tempora', 79928.00, 1, '2025-07-21 12:33:35', '2025-07-21 12:33:35'),
(5138, 'sunt', 39159.00, 1, '2025-07-21 12:33:35', '2025-07-21 12:33:35'),
(5139, 'fugiat', 83726.00, 1, '2025-07-21 12:33:35', '2025-07-21 12:33:35'),
(5140, 'dicta', 43830.00, 1, '2025-07-21 12:33:35', '2025-07-21 12:33:35'),
(5141, 'iure', 2989.00, 1, '2025-07-21 12:33:35', '2025-07-21 12:33:35'),
(5142, 'nobis', 46692.00, 1, '2025-07-21 12:33:35', '2025-07-21 12:33:35'),
(5143, 'sapiente', 51259.00, 1, '2025-07-21 12:33:35', '2025-07-21 12:33:35'),
(5144, 'velit', 50511.00, 1, '2025-07-21 12:33:35', '2025-07-21 12:33:35'),
(5145, 'cumque', 91011.00, 1, '2025-07-21 12:33:35', '2025-07-21 12:33:35'),
(5146, 'delectus', 30165.00, 1, '2025-07-21 12:33:35', '2025-07-21 12:33:35'),
(5147, 'architecto', 2312.00, 1, '2025-07-21 12:33:35', '2025-07-21 12:33:35'),
(5148, 'occaecati', 95958.00, 1, '2025-07-21 12:33:35', '2025-07-21 12:33:35'),
(5149, 'nisi', 24608.00, 1, '2025-07-21 12:33:35', '2025-07-21 12:33:35'),
(5150, 'vel', 14538.00, 1, '2025-07-21 12:33:35', '2025-07-21 12:33:35'),
(5151, 'rerum', 36640.00, 1, '2025-07-21 12:33:35', '2025-07-21 12:33:35'),
(5152, 'voluptatum', 68320.00, 1, '2025-07-21 12:33:35', '2025-07-21 12:33:35'),
(5153, 'provident', 95208.00, 1, '2025-07-21 12:33:35', '2025-07-21 12:33:35'),
(5154, 'unde', 97306.00, 1, '2025-07-21 12:33:35', '2025-07-21 12:33:35'),
(5155, 'et', 70459.00, 1, '2025-07-21 12:33:35', '2025-07-21 12:33:35'),
(5156, 'cumque', 60562.00, 1, '2025-07-21 12:33:35', '2025-07-21 12:33:35'),
(5157, 'doloremque', 7040.00, 1, '2025-07-21 12:33:35', '2025-07-21 12:33:35'),
(5158, 'ipsam', 78087.00, 1, '2025-07-21 12:33:35', '2025-07-21 12:33:35'),
(5159, 'est', 61901.00, 1, '2025-07-21 12:33:35', '2025-07-21 12:33:35'),
(5160, 'modi', 88395.00, 1, '2025-07-21 12:33:35', '2025-07-21 12:33:35'),
(5161, 'quibusdam', 93827.00, 1, '2025-07-21 12:33:35', '2025-07-21 12:33:35'),
(5162, 'iste', 1301.00, 1, '2025-07-21 12:33:35', '2025-07-21 12:33:35'),
(5163, 'omnis', 74169.00, 1, '2025-07-21 12:33:35', '2025-07-21 12:33:35'),
(5164, 'consectetur', 45678.00, 1, '2025-07-21 12:33:35', '2025-07-21 12:33:35'),
(5165, 'quis', 2705.00, 1, '2025-07-21 12:33:35', '2025-07-21 12:33:35'),
(5166, 'praesentium', 49679.00, 1, '2025-07-21 12:33:35', '2025-07-21 12:33:35'),
(5167, 'qui', 26509.00, 1, '2025-07-21 12:33:35', '2025-07-21 12:33:35'),
(5168, 'corporis', 84431.00, 1, '2025-07-21 12:33:35', '2025-07-21 12:33:35'),
(5169, 'nesciunt', 54438.00, 1, '2025-07-21 12:33:35', '2025-07-21 12:33:35'),
(5170, 'veritatis', 98367.00, 1, '2025-07-21 12:33:35', '2025-07-21 12:33:35'),
(5171, 'libero', 84288.00, 1, '2025-07-21 12:33:35', '2025-07-21 12:33:35'),
(5172, 'qui', 64035.00, 1, '2025-07-21 12:33:35', '2025-07-21 12:33:35'),
(5173, 'occaecati', 4666.00, 1, '2025-07-21 12:33:35', '2025-07-21 12:33:35'),
(5174, 'tenetur', 75115.00, 1, '2025-07-21 12:33:35', '2025-07-21 12:33:35'),
(5175, 'voluptate', 86979.00, 1, '2025-07-21 12:33:35', '2025-07-21 12:33:35'),
(5176, 'itaque', 58203.00, 1, '2025-07-21 12:33:35', '2025-07-21 12:33:35'),
(5177, 'vero', 42582.00, 1, '2025-07-21 12:33:35', '2025-07-21 12:33:35'),
(5178, 'laborum', 12569.00, 1, '2025-07-21 12:33:36', '2025-07-21 12:33:36'),
(5179, 'totam', 89940.00, 1, '2025-07-21 12:33:36', '2025-07-21 12:33:36'),
(5180, 'qui', 75516.00, 1, '2025-07-21 12:33:36', '2025-07-21 12:33:36'),
(5181, 'asperiores', 36148.00, 1, '2025-07-21 12:33:36', '2025-07-21 12:33:36'),
(5182, 'et', 73628.00, 1, '2025-07-21 12:33:36', '2025-07-21 12:33:36'),
(5183, 'laudantium', 47589.00, 1, '2025-07-21 12:33:36', '2025-07-21 12:33:36'),
(5184, 'voluptas', 3523.00, 1, '2025-07-21 12:33:36', '2025-07-21 12:33:36'),
(5185, 'consectetur', 56828.00, 1, '2025-07-21 12:33:36', '2025-07-21 12:33:36'),
(5186, 'autem', 47199.00, 1, '2025-07-21 12:33:36', '2025-07-21 12:33:36'),
(5187, 'veniam', 86218.00, 1, '2025-07-21 12:33:36', '2025-07-21 12:33:36'),
(5188, 'voluptatem', 4182.00, 1, '2025-07-21 12:33:36', '2025-07-21 12:33:36'),
(5189, 'quod', 82522.00, 1, '2025-07-21 12:33:36', '2025-07-21 12:33:36'),
(5190, 'aspernatur', 31301.00, 1, '2025-07-21 12:33:36', '2025-07-21 12:33:36'),
(5191, 'ex', 29132.00, 1, '2025-07-21 12:33:36', '2025-07-21 12:33:36'),
(5192, 'repellendus', 14560.00, 1, '2025-07-21 12:33:36', '2025-07-21 12:33:36'),
(5193, 'minima', 85445.00, 1, '2025-07-21 12:33:36', '2025-07-21 12:33:36'),
(5194, 'amet', 44228.00, 1, '2025-07-21 12:33:36', '2025-07-21 12:33:36'),
(5195, 'consequatur', 69973.00, 1, '2025-07-21 12:33:36', '2025-07-21 12:33:36'),
(5196, 'impedit', 78043.00, 1, '2025-07-21 12:33:36', '2025-07-21 12:33:36'),
(5197, 'earum', 67114.00, 1, '2025-07-21 12:33:36', '2025-07-21 12:33:36'),
(5198, 'accusamus', 63972.00, 1, '2025-07-21 12:33:36', '2025-07-21 12:33:36'),
(5199, 'aut', 16856.00, 1, '2025-07-21 12:33:36', '2025-07-21 12:33:36'),
(5200, 'delectus', 63277.00, 1, '2025-07-21 12:33:36', '2025-07-21 12:33:36'),
(5201, 'aut', 54827.00, 1, '2025-07-21 12:33:36', '2025-07-21 12:33:36'),
(5202, 'nam', 90823.00, 1, '2025-07-21 12:33:36', '2025-07-21 12:33:36'),
(5203, 'porro', 17288.00, 1, '2025-07-21 12:33:36', '2025-07-21 12:33:36'),
(5204, 'pariatur', 54695.00, 1, '2025-07-21 12:33:36', '2025-07-21 12:33:36'),
(5205, 'doloremque', 38742.00, 1, '2025-07-21 12:33:36', '2025-07-21 12:33:36'),
(5206, 'dolorum', 81469.00, 1, '2025-07-21 12:33:36', '2025-07-21 12:33:36'),
(5207, 'quia', 6458.00, 1, '2025-07-21 12:33:36', '2025-07-21 12:33:36'),
(5208, 'architecto', 9225.00, 1, '2025-07-21 12:33:36', '2025-07-21 12:33:36'),
(5209, 'aut', 70450.00, 1, '2025-07-21 12:33:36', '2025-07-21 12:33:36'),
(5210, 'est', 79839.00, 1, '2025-07-21 12:33:36', '2025-07-21 12:33:36'),
(5211, 'nesciunt', 76894.00, 1, '2025-07-21 12:33:36', '2025-07-21 12:33:36'),
(5212, 'id', 91677.00, 1, '2025-07-21 12:33:36', '2025-07-21 12:33:36'),
(5213, 'blanditiis', 93492.00, 1, '2025-07-21 12:33:36', '2025-07-21 12:33:36'),
(5214, 'explicabo', 32476.00, 1, '2025-07-21 12:33:36', '2025-07-21 12:33:36'),
(5215, 'in', 32094.00, 1, '2025-07-21 12:33:36', '2025-07-21 12:33:36'),
(5216, 'molestiae', 34538.00, 1, '2025-07-21 12:33:36', '2025-07-21 12:33:36'),
(5217, 'quod', 24541.00, 1, '2025-07-21 12:33:36', '2025-07-21 12:33:36'),
(5218, 'in', 37597.00, 1, '2025-07-21 12:33:36', '2025-07-21 12:33:36'),
(5219, 'delectus', 32878.00, 1, '2025-07-21 12:33:36', '2025-07-21 12:33:36'),
(5220, 'est', 77992.00, 1, '2025-07-21 12:33:36', '2025-07-21 12:33:36'),
(5221, 'sed', 89955.00, 1, '2025-07-21 12:33:36', '2025-07-21 12:33:36'),
(5222, 'quis', 59913.00, 1, '2025-07-21 12:33:36', '2025-07-21 12:33:36'),
(5223, 'perferendis', 90653.00, 1, '2025-07-21 12:33:36', '2025-07-21 12:33:36'),
(5224, 'libero', 61517.00, 1, '2025-07-21 12:33:36', '2025-07-21 12:33:36'),
(5225, 'distinctio', 31862.00, 1, '2025-07-21 12:33:36', '2025-07-21 12:33:36'),
(5226, 'rerum', 29210.00, 1, '2025-07-21 12:33:36', '2025-07-21 12:33:36'),
(5227, 'deserunt', 9049.00, 1, '2025-07-21 12:33:36', '2025-07-21 12:33:36'),
(5228, 'neque', 89289.00, 1, '2025-07-21 12:33:36', '2025-07-21 12:33:36'),
(5229, 'ipsum', 61959.00, 1, '2025-07-21 12:33:36', '2025-07-21 12:33:36'),
(5230, 'in', 67190.00, 1, '2025-07-21 12:33:36', '2025-07-21 12:33:36'),
(5231, 'ipsum', 40609.00, 1, '2025-07-21 12:33:36', '2025-07-21 12:33:36'),
(5232, 'reiciendis', 65068.00, 1, '2025-07-21 12:33:36', '2025-07-21 12:33:36'),
(5233, 'sapiente', 99079.00, 1, '2025-07-21 12:33:36', '2025-07-21 12:33:36'),
(5234, 'non', 59607.00, 1, '2025-07-21 12:33:36', '2025-07-21 12:33:36'),
(5235, 'minima', 24370.00, 1, '2025-07-21 12:33:36', '2025-07-21 12:33:36'),
(5236, 'quaerat', 48690.00, 1, '2025-07-21 12:33:36', '2025-07-21 12:33:36'),
(5237, 'blanditiis', 57650.00, 1, '2025-07-21 12:33:36', '2025-07-21 12:33:36'),
(5238, 'nesciunt', 8718.00, 1, '2025-07-21 12:33:36', '2025-07-21 12:33:36'),
(5239, 'modi', 85127.00, 1, '2025-07-21 12:33:36', '2025-07-21 12:33:36'),
(5240, 'dolores', 25968.00, 1, '2025-07-21 12:33:36', '2025-07-21 12:33:36'),
(5241, 'est', 42767.00, 1, '2025-07-21 12:33:36', '2025-07-21 12:33:36'),
(5242, 'eos', 85508.00, 1, '2025-07-21 12:33:36', '2025-07-21 12:33:36'),
(5243, 'adipisci', 41523.00, 1, '2025-07-21 12:33:36', '2025-07-21 12:33:36'),
(5244, 'iusto', 5185.00, 1, '2025-07-21 12:33:36', '2025-07-21 12:33:36'),
(5245, 'iusto', 84731.00, 1, '2025-07-21 12:33:36', '2025-07-21 12:33:36'),
(5246, 'enim', 26666.00, 1, '2025-07-21 12:33:36', '2025-07-21 12:33:36'),
(5247, 'modi', 24525.00, 1, '2025-07-21 12:33:36', '2025-07-21 12:33:36'),
(5248, 'ut', 75389.00, 1, '2025-07-21 12:33:36', '2025-07-21 12:33:36'),
(5249, 'vitae', 79842.00, 1, '2025-07-21 12:33:36', '2025-07-21 12:33:36'),
(5250, 'delectus', 1398.00, 1, '2025-07-21 12:33:36', '2025-07-21 12:33:36'),
(5251, 'ratione', 92245.00, 1, '2025-07-21 12:33:36', '2025-07-21 12:33:36'),
(5252, 'nam', 84290.00, 1, '2025-07-21 12:33:36', '2025-07-21 12:33:36'),
(5253, 'qui', 14837.00, 1, '2025-07-21 12:33:36', '2025-07-21 12:33:36'),
(5254, 'inventore', 85564.00, 1, '2025-07-21 12:33:36', '2025-07-21 12:33:36'),
(5255, 'aut', 77269.00, 1, '2025-07-21 12:33:36', '2025-07-21 12:33:36'),
(5256, 'ullam', 99866.00, 1, '2025-07-21 12:33:36', '2025-07-21 12:33:36'),
(5257, 'cum', 88926.00, 1, '2025-07-21 12:33:36', '2025-07-21 12:33:36'),
(5258, 'sit', 10996.00, 1, '2025-07-21 12:33:36', '2025-07-21 12:33:36'),
(5259, 'soluta', 98104.00, 1, '2025-07-21 12:33:36', '2025-07-21 12:33:36'),
(5260, 'modi', 2947.00, 1, '2025-07-21 12:33:36', '2025-07-21 12:33:36'),
(5261, 'veritatis', 69367.00, 1, '2025-07-21 12:33:36', '2025-07-21 12:33:36'),
(5262, 'maxime', 85477.00, 1, '2025-07-21 12:33:36', '2025-07-21 12:33:36'),
(5263, 'soluta', 38728.00, 1, '2025-07-21 12:33:36', '2025-07-21 12:33:36'),
(5264, 'et', 16651.00, 1, '2025-07-21 12:33:36', '2025-07-21 12:33:36'),
(5265, 'nihil', 60419.00, 1, '2025-07-21 12:33:36', '2025-07-21 12:33:36'),
(5266, 'ipsa', 60381.00, 1, '2025-07-21 12:33:36', '2025-07-21 12:33:36'),
(5267, 'repellat', 84035.00, 1, '2025-07-21 12:33:36', '2025-07-21 12:33:36'),
(5268, 'distinctio', 51237.00, 1, '2025-07-21 12:33:36', '2025-07-21 12:33:36'),
(5269, 'possimus', 70440.00, 1, '2025-07-21 12:33:36', '2025-07-21 12:33:36'),
(5270, 'sit', 63371.00, 1, '2025-07-21 12:33:36', '2025-07-21 12:33:36'),
(5271, 'neque', 11571.00, 1, '2025-07-21 12:33:36', '2025-07-21 12:33:36'),
(5272, 'quam', 67412.00, 1, '2025-07-21 12:33:36', '2025-07-21 12:33:36'),
(5273, 'rerum', 79317.00, 1, '2025-07-21 12:33:36', '2025-07-21 12:33:36'),
(5274, 'sunt', 28069.00, 1, '2025-07-21 12:33:36', '2025-07-21 12:33:36'),
(5275, 'eligendi', 26792.00, 1, '2025-07-21 12:33:36', '2025-07-21 12:33:36'),
(5276, 'qui', 34292.00, 1, '2025-07-21 12:33:36', '2025-07-21 12:33:36'),
(5277, 'qui', 43846.00, 1, '2025-07-21 12:33:36', '2025-07-21 12:33:36'),
(5278, 'maiores', 99196.00, 1, '2025-07-21 12:33:36', '2025-07-21 12:33:36'),
(5279, 'sunt', 59085.00, 1, '2025-07-21 12:33:36', '2025-07-21 12:33:36'),
(5280, 'culpa', 43468.00, 1, '2025-07-21 12:33:36', '2025-07-21 12:33:36'),
(5281, 'placeat', 62591.00, 1, '2025-07-21 12:33:36', '2025-07-21 12:33:36'),
(5282, 'repellendus', 32088.00, 1, '2025-07-21 12:33:36', '2025-07-21 12:33:36'),
(5283, 'libero', 84869.00, 1, '2025-07-21 12:33:36', '2025-07-21 12:33:36'),
(5284, 'quia', 71447.00, 1, '2025-07-21 12:33:36', '2025-07-21 12:33:36'),
(5285, 'consequatur', 61350.00, 1, '2025-07-21 12:33:36', '2025-07-21 12:33:36'),
(5286, 'est', 73444.00, 1, '2025-07-21 12:33:36', '2025-07-21 12:33:36'),
(5287, 'molestiae', 61159.00, 1, '2025-07-21 12:33:36', '2025-07-21 12:33:36'),
(5288, 'voluptatem', 53139.00, 1, '2025-07-21 12:33:36', '2025-07-21 12:33:36'),
(5289, 'architecto', 55459.00, 1, '2025-07-21 12:33:36', '2025-07-21 12:33:36'),
(5290, 'nihil', 66142.00, 1, '2025-07-21 12:33:36', '2025-07-21 12:33:36'),
(5291, 'ut', 39158.00, 1, '2025-07-21 12:33:36', '2025-07-21 12:33:36'),
(5292, 'consequatur', 71382.00, 1, '2025-07-21 12:33:36', '2025-07-21 12:33:36'),
(5293, 'non', 48429.00, 1, '2025-07-21 12:33:36', '2025-07-21 12:33:36'),
(5294, 'qui', 66721.00, 1, '2025-07-21 12:33:36', '2025-07-21 12:33:36'),
(5295, 'molestiae', 54500.00, 1, '2025-07-21 12:33:36', '2025-07-21 12:33:36'),
(5296, 'eaque', 29886.00, 1, '2025-07-21 12:33:36', '2025-07-21 12:33:36'),
(5297, 'aut', 1682.00, 1, '2025-07-21 12:33:36', '2025-07-21 12:33:36'),
(5298, 'odit', 74712.00, 1, '2025-07-21 12:33:36', '2025-07-21 12:33:36'),
(5299, 'laudantium', 4072.00, 1, '2025-07-21 12:33:36', '2025-07-21 12:33:36'),
(5300, 'commodi', 39822.00, 1, '2025-07-21 12:33:36', '2025-07-21 12:33:36'),
(5301, 'dolor', 51180.00, 1, '2025-07-21 12:33:36', '2025-07-21 12:33:36'),
(5302, 'aspernatur', 38933.00, 1, '2025-07-21 12:33:36', '2025-07-21 12:33:36'),
(5303, 'repudiandae', 34731.00, 1, '2025-07-21 12:33:36', '2025-07-21 12:33:36'),
(5304, 'aut', 26882.00, 1, '2025-07-21 12:33:36', '2025-07-21 12:33:36'),
(5305, 'eius', 51357.00, 1, '2025-07-21 12:33:36', '2025-07-21 12:33:36'),
(5306, 'eos', 7935.00, 1, '2025-07-21 12:33:36', '2025-07-21 12:33:36'),
(5307, 'aut', 95625.00, 1, '2025-07-21 12:33:36', '2025-07-21 12:33:36'),
(5308, 'consequatur', 53512.00, 1, '2025-07-21 12:33:36', '2025-07-21 12:33:36'),
(5309, 'sunt', 5654.00, 1, '2025-07-21 12:33:36', '2025-07-21 12:33:36'),
(5310, 'consequuntur', 25850.00, 1, '2025-07-21 12:33:36', '2025-07-21 12:33:36'),
(5311, 'aut', 13697.00, 1, '2025-07-21 12:33:36', '2025-07-21 12:33:36'),
(5312, 'possimus', 21888.00, 1, '2025-07-21 12:33:36', '2025-07-21 12:33:36'),
(5313, 'aut', 77010.00, 1, '2025-07-21 12:33:36', '2025-07-21 12:33:36'),
(5314, 'eos', 9810.00, 1, '2025-07-21 12:33:36', '2025-07-21 12:33:36'),
(5315, 'sint', 6693.00, 1, '2025-07-21 12:33:36', '2025-07-21 12:33:36'),
(5316, 'possimus', 50303.00, 1, '2025-07-21 12:33:36', '2025-07-21 12:33:36'),
(5317, 'quo', 32320.00, 1, '2025-07-21 12:33:36', '2025-07-21 12:33:36'),
(5318, 'maiores', 83016.00, 1, '2025-07-21 12:33:36', '2025-07-21 12:33:36'),
(5319, 'facere', 78493.00, 1, '2025-07-21 12:33:36', '2025-07-21 12:33:36'),
(5320, 'accusantium', 90959.00, 1, '2025-07-21 12:33:36', '2025-07-21 12:33:36'),
(5321, 'architecto', 50754.00, 1, '2025-07-21 12:33:36', '2025-07-21 12:33:36'),
(5322, 'culpa', 61589.00, 1, '2025-07-21 12:33:36', '2025-07-21 12:33:36'),
(5323, 'aut', 63633.00, 1, '2025-07-21 12:33:36', '2025-07-21 12:33:36'),
(5324, 'incidunt', 28915.00, 1, '2025-07-21 12:33:36', '2025-07-21 12:33:36'),
(5325, 'quis', 27728.00, 1, '2025-07-21 12:33:36', '2025-07-21 12:33:36'),
(5326, 'tempora', 19441.00, 1, '2025-07-21 12:33:36', '2025-07-21 12:33:36'),
(5327, 'sit', 87159.00, 1, '2025-07-21 12:33:36', '2025-07-21 12:33:36'),
(5328, 'et', 25875.00, 1, '2025-07-21 12:33:36', '2025-07-21 12:33:36'),
(5329, 'officia', 32037.00, 1, '2025-07-21 12:33:36', '2025-07-21 12:33:36'),
(5330, 'sed', 64395.00, 1, '2025-07-21 12:33:36', '2025-07-21 12:33:36'),
(5331, 'quis', 78270.00, 1, '2025-07-21 12:33:36', '2025-07-21 12:33:36'),
(5332, 'explicabo', 84797.00, 1, '2025-07-21 12:33:36', '2025-07-21 12:33:36'),
(5333, 'perspiciatis', 34548.00, 1, '2025-07-21 12:33:36', '2025-07-21 12:33:36'),
(5334, 'architecto', 65042.00, 1, '2025-07-21 12:33:36', '2025-07-21 12:33:36'),
(5335, 'quia', 60181.00, 1, '2025-07-21 12:33:36', '2025-07-21 12:33:36'),
(5336, 'natus', 52112.00, 1, '2025-07-21 12:33:36', '2025-07-21 12:33:36'),
(5337, 'tenetur', 4970.00, 1, '2025-07-21 12:33:36', '2025-07-21 12:33:36'),
(5338, 'quae', 51603.00, 1, '2025-07-21 12:33:36', '2025-07-21 12:33:36'),
(5339, 'minima', 10775.00, 1, '2025-07-21 12:33:36', '2025-07-21 12:33:36'),
(5340, 'perferendis', 24062.00, 1, '2025-07-21 12:33:36', '2025-07-21 12:33:36'),
(5341, 'laborum', 22892.00, 1, '2025-07-21 12:33:36', '2025-07-21 12:33:36'),
(5342, 'impedit', 94640.00, 1, '2025-07-21 12:33:36', '2025-07-21 12:33:36'),
(5343, 'sequi', 1617.00, 1, '2025-07-21 12:33:36', '2025-07-21 12:33:36'),
(5344, 'sit', 62052.00, 1, '2025-07-21 12:33:36', '2025-07-21 12:33:36'),
(5345, 'sed', 88533.00, 1, '2025-07-21 12:33:36', '2025-07-21 12:33:36'),
(5346, 'et', 2107.00, 1, '2025-07-21 12:33:36', '2025-07-21 12:33:36'),
(5347, 'autem', 93339.00, 1, '2025-07-21 12:33:36', '2025-07-21 12:33:36'),
(5348, 'exercitationem', 24251.00, 1, '2025-07-21 12:33:36', '2025-07-21 12:33:36'),
(5349, 'quae', 78437.00, 1, '2025-07-21 12:33:36', '2025-07-21 12:33:36'),
(5350, 'quia', 33453.00, 1, '2025-07-21 12:33:36', '2025-07-21 12:33:36'),
(5351, 'amet', 17644.00, 1, '2025-07-21 12:33:36', '2025-07-21 12:33:36'),
(5352, 'dolore', 31373.00, 1, '2025-07-21 12:33:36', '2025-07-21 12:33:36'),
(5353, 'in', 33967.00, 1, '2025-07-21 12:33:36', '2025-07-21 12:33:36'),
(5354, 'at', 1630.00, 1, '2025-07-21 12:33:36', '2025-07-21 12:33:36'),
(5355, 'voluptatum', 58601.00, 1, '2025-07-21 12:33:36', '2025-07-21 12:33:36'),
(5356, 'cupiditate', 48912.00, 1, '2025-07-21 12:33:36', '2025-07-21 12:33:36'),
(5357, 'consequuntur', 66882.00, 1, '2025-07-21 12:33:36', '2025-07-21 12:33:36'),
(5358, 'nihil', 6226.00, 1, '2025-07-21 12:33:36', '2025-07-21 12:33:36'),
(5359, 'soluta', 74173.00, 1, '2025-07-21 12:33:36', '2025-07-21 12:33:36'),
(5360, 'aperiam', 88713.00, 1, '2025-07-21 12:33:36', '2025-07-21 12:33:36'),
(5361, 'libero', 8480.00, 1, '2025-07-21 12:33:36', '2025-07-21 12:33:36'),
(5362, 'id', 91411.00, 1, '2025-07-21 12:33:36', '2025-07-21 12:33:36'),
(5363, 'earum', 11319.00, 1, '2025-07-21 12:33:36', '2025-07-21 12:33:36'),
(5364, 'asperiores', 77362.00, 1, '2025-07-21 12:33:36', '2025-07-21 12:33:36'),
(5365, 'dolorem', 23171.00, 1, '2025-07-21 12:33:36', '2025-07-21 12:33:36'),
(5366, 'sapiente', 19843.00, 1, '2025-07-21 12:33:36', '2025-07-21 12:33:36'),
(5367, 'a', 88784.00, 1, '2025-07-21 12:33:36', '2025-07-21 12:33:36'),
(5368, 'natus', 43491.00, 1, '2025-07-21 12:33:36', '2025-07-21 12:33:36'),
(5369, 'quis', 89624.00, 1, '2025-07-21 12:33:36', '2025-07-21 12:33:36'),
(5370, 'tenetur', 59200.00, 1, '2025-07-21 12:33:36', '2025-07-21 12:33:36'),
(5371, 'rem', 49463.00, 1, '2025-07-21 12:33:36', '2025-07-21 12:33:36'),
(5372, 'voluptas', 62859.00, 1, '2025-07-21 12:33:36', '2025-07-21 12:33:36'),
(5373, 'et', 75610.00, 1, '2025-07-21 12:33:36', '2025-07-21 12:33:36'),
(5374, 'ipsa', 4767.00, 1, '2025-07-21 12:33:36', '2025-07-21 12:33:36'),
(5375, 'ullam', 22064.00, 1, '2025-07-21 12:33:36', '2025-07-21 12:33:36'),
(5376, 'quod', 87366.00, 1, '2025-07-21 12:33:36', '2025-07-21 12:33:36'),
(5377, 'itaque', 33036.00, 1, '2025-07-21 12:33:36', '2025-07-21 12:33:36'),
(5378, 'laboriosam', 36380.00, 1, '2025-07-21 12:33:36', '2025-07-21 12:33:36'),
(5379, 'magnam', 95943.00, 1, '2025-07-21 12:33:36', '2025-07-21 12:33:36'),
(5380, 'quia', 4624.00, 1, '2025-07-21 12:33:36', '2025-07-21 12:33:36'),
(5381, 'non', 50032.00, 1, '2025-07-21 12:33:36', '2025-07-21 12:33:36'),
(5382, 'facere', 19761.00, 1, '2025-07-21 12:33:36', '2025-07-21 12:33:36'),
(5383, 'aut', 50999.00, 1, '2025-07-21 12:33:36', '2025-07-21 12:33:36'),
(5384, 'adipisci', 36076.00, 1, '2025-07-21 12:33:36', '2025-07-21 12:33:36'),
(5385, 'et', 56535.00, 1, '2025-07-21 12:33:36', '2025-07-21 12:33:36'),
(5386, 'perspiciatis', 44077.00, 1, '2025-07-21 12:33:36', '2025-07-21 12:33:36'),
(5387, 'est', 57623.00, 1, '2025-07-21 12:33:36', '2025-07-21 12:33:36'),
(5388, 'a', 87881.00, 1, '2025-07-21 12:33:36', '2025-07-21 12:33:36'),
(5389, 'harum', 47472.00, 1, '2025-07-21 12:33:36', '2025-07-21 12:33:36'),
(5390, 'sit', 49232.00, 1, '2025-07-21 12:33:36', '2025-07-21 12:33:36'),
(5391, 'qui', 97271.00, 1, '2025-07-21 12:33:36', '2025-07-21 12:33:36'),
(5392, 'beatae', 4889.00, 1, '2025-07-21 12:33:36', '2025-07-21 12:33:36'),
(5393, 'et', 7157.00, 1, '2025-07-21 12:33:36', '2025-07-21 12:33:36'),
(5394, 'autem', 39050.00, 1, '2025-07-21 12:33:36', '2025-07-21 12:33:36'),
(5395, 'ea', 61038.00, 1, '2025-07-21 12:33:36', '2025-07-21 12:33:36'),
(5396, 'deleniti', 49893.00, 1, '2025-07-21 12:33:36', '2025-07-21 12:33:36'),
(5397, 'veritatis', 57977.00, 1, '2025-07-21 12:33:36', '2025-07-21 12:33:36'),
(5398, 'quia', 48590.00, 1, '2025-07-21 12:33:36', '2025-07-21 12:33:36'),
(5399, 'voluptas', 34864.00, 1, '2025-07-21 12:33:36', '2025-07-21 12:33:36'),
(5400, 'asperiores', 60443.00, 1, '2025-07-21 12:33:36', '2025-07-21 12:33:36'),
(5401, 'et', 83115.00, 1, '2025-07-21 12:33:36', '2025-07-21 12:33:36'),
(5402, 'et', 9966.00, 1, '2025-07-21 12:33:36', '2025-07-21 12:33:36'),
(5403, 'similique', 12914.00, 1, '2025-07-21 12:33:36', '2025-07-21 12:33:36'),
(5404, 'harum', 74456.00, 1, '2025-07-21 12:33:36', '2025-07-21 12:33:36'),
(5405, 'cum', 67835.00, 1, '2025-07-21 12:33:36', '2025-07-21 12:33:36'),
(5406, 'omnis', 70795.00, 1, '2025-07-21 12:33:36', '2025-07-21 12:33:36'),
(5407, 'nobis', 24719.00, 1, '2025-07-21 12:33:36', '2025-07-21 12:33:36'),
(5408, 'tempora', 60252.00, 1, '2025-07-21 12:33:36', '2025-07-21 12:33:36'),
(5409, 'occaecati', 50092.00, 1, '2025-07-21 12:33:36', '2025-07-21 12:33:36'),
(5410, 'rerum', 8103.00, 1, '2025-07-21 12:33:36', '2025-07-21 12:33:36'),
(5411, 'blanditiis', 6667.00, 1, '2025-07-21 12:33:36', '2025-07-21 12:33:36'),
(5412, 'quaerat', 26421.00, 1, '2025-07-21 12:33:36', '2025-07-21 12:33:36'),
(5413, 'animi', 95007.00, 1, '2025-07-21 12:33:36', '2025-07-21 12:33:36'),
(5414, 'aut', 98550.00, 1, '2025-07-21 12:33:36', '2025-07-21 12:33:36'),
(5415, 'quisquam', 58047.00, 1, '2025-07-21 12:33:36', '2025-07-21 12:33:36'),
(5416, 'molestias', 83579.00, 1, '2025-07-21 12:33:36', '2025-07-21 12:33:36'),
(5417, 'harum', 85955.00, 1, '2025-07-21 12:33:36', '2025-07-21 12:33:36'),
(5418, 'et', 77023.00, 1, '2025-07-21 12:33:36', '2025-07-21 12:33:36'),
(5419, 'hic', 69357.00, 1, '2025-07-21 12:33:36', '2025-07-21 12:33:36'),
(5420, 'laborum', 1890.00, 1, '2025-07-21 12:33:36', '2025-07-21 12:33:36'),
(5421, 'dolor', 62679.00, 1, '2025-07-21 12:33:36', '2025-07-21 12:33:36'),
(5422, 'et', 22206.00, 1, '2025-07-21 12:33:36', '2025-07-21 12:33:36'),
(5423, 'ut', 83120.00, 1, '2025-07-21 12:33:36', '2025-07-21 12:33:36'),
(5424, 'at', 57027.00, 1, '2025-07-21 12:33:36', '2025-07-21 12:33:36'),
(5425, 'nemo', 78006.00, 1, '2025-07-21 12:33:36', '2025-07-21 12:33:36'),
(5426, 'optio', 24124.00, 1, '2025-07-21 12:33:36', '2025-07-21 12:33:36'),
(5427, 'aut', 76440.00, 1, '2025-07-21 12:33:36', '2025-07-21 12:33:36'),
(5428, 'est', 14310.00, 1, '2025-07-21 12:33:36', '2025-07-21 12:33:36'),
(5429, 'quia', 96109.00, 1, '2025-07-21 12:33:36', '2025-07-21 12:33:36'),
(5430, 'placeat', 53564.00, 1, '2025-07-21 12:33:36', '2025-07-21 12:33:36'),
(5431, 'mollitia', 88962.00, 1, '2025-07-21 12:33:36', '2025-07-21 12:33:36'),
(5432, 'dolores', 17377.00, 1, '2025-07-21 12:33:36', '2025-07-21 12:33:36'),
(5433, 'ut', 6689.00, 1, '2025-07-21 12:33:36', '2025-07-21 12:33:36'),
(5434, 'natus', 48486.00, 1, '2025-07-21 12:33:36', '2025-07-21 12:33:36'),
(5435, 'sit', 96906.00, 1, '2025-07-21 12:33:36', '2025-07-21 12:33:36'),
(5436, 'sunt', 36169.00, 1, '2025-07-21 12:33:36', '2025-07-21 12:33:36'),
(5437, 'rerum', 25124.00, 1, '2025-07-21 12:33:36', '2025-07-21 12:33:36'),
(5438, 'maxime', 60612.00, 1, '2025-07-21 12:33:36', '2025-07-21 12:33:36'),
(5439, 'aspernatur', 60657.00, 1, '2025-07-21 12:33:36', '2025-07-21 12:33:36'),
(5440, 'tempora', 47865.00, 1, '2025-07-21 12:33:36', '2025-07-21 12:33:36'),
(5441, 'deserunt', 42633.00, 1, '2025-07-21 12:33:36', '2025-07-21 12:33:36'),
(5442, 'odio', 79049.00, 1, '2025-07-21 12:33:36', '2025-07-21 12:33:36'),
(5443, 'repellendus', 10041.00, 1, '2025-07-21 12:33:37', '2025-07-21 12:33:37'),
(5444, 'tempora', 53336.00, 1, '2025-07-21 12:33:37', '2025-07-21 12:33:37'),
(5445, 'id', 28010.00, 1, '2025-07-21 12:33:37', '2025-07-21 12:33:37'),
(5446, 'quas', 59369.00, 1, '2025-07-21 12:33:37', '2025-07-21 12:33:37'),
(5447, 'et', 47790.00, 1, '2025-07-21 12:33:37', '2025-07-21 12:33:37'),
(5448, 'ut', 24600.00, 1, '2025-07-21 12:33:37', '2025-07-21 12:33:37'),
(5449, 'et', 89540.00, 1, '2025-07-21 12:33:37', '2025-07-21 12:33:37'),
(5450, 'molestias', 56721.00, 1, '2025-07-21 12:33:37', '2025-07-21 12:33:37'),
(5451, 'non', 23917.00, 1, '2025-07-21 12:33:37', '2025-07-21 12:33:37'),
(5452, 'in', 12105.00, 1, '2025-07-21 12:33:37', '2025-07-21 12:33:37'),
(5453, 'ab', 35416.00, 1, '2025-07-21 12:33:37', '2025-07-21 12:33:37'),
(5454, 'a', 1884.00, 1, '2025-07-21 12:33:37', '2025-07-21 12:33:37'),
(5455, 'porro', 61295.00, 1, '2025-07-21 12:33:37', '2025-07-21 12:33:37'),
(5456, 'voluptatem', 16108.00, 1, '2025-07-21 12:33:37', '2025-07-21 12:33:37'),
(5457, 'eum', 30984.00, 1, '2025-07-21 12:33:37', '2025-07-21 12:33:37'),
(5458, 'et', 99399.00, 1, '2025-07-21 12:33:37', '2025-07-21 12:33:37'),
(5459, 'quia', 23781.00, 1, '2025-07-21 12:33:37', '2025-07-21 12:33:37'),
(5460, 'possimus', 35489.00, 1, '2025-07-21 12:33:37', '2025-07-21 12:33:37'),
(5461, 'at', 71777.00, 1, '2025-07-21 12:33:37', '2025-07-21 12:33:37'),
(5462, 'quam', 22600.00, 1, '2025-07-21 12:33:37', '2025-07-21 12:33:37'),
(5463, 'voluptatem', 49605.00, 1, '2025-07-21 12:33:37', '2025-07-21 12:33:37'),
(5464, 'voluptas', 36492.00, 1, '2025-07-21 12:33:37', '2025-07-21 12:33:37'),
(5465, 'veniam', 85856.00, 1, '2025-07-21 12:33:37', '2025-07-21 12:33:37'),
(5466, 'sequi', 82882.00, 1, '2025-07-21 12:33:37', '2025-07-21 12:33:37'),
(5467, 'fugiat', 23594.00, 1, '2025-07-21 12:33:37', '2025-07-21 12:33:37'),
(5468, 'excepturi', 49450.00, 1, '2025-07-21 12:33:37', '2025-07-21 12:33:37'),
(5469, 'accusamus', 38879.00, 1, '2025-07-21 12:33:37', '2025-07-21 12:33:37'),
(5470, 'odit', 36576.00, 1, '2025-07-21 12:33:37', '2025-07-21 12:33:37'),
(5471, 'neque', 96653.00, 1, '2025-07-21 12:33:37', '2025-07-21 12:33:37'),
(5472, 'commodi', 50958.00, 1, '2025-07-21 12:33:37', '2025-07-21 12:33:37'),
(5473, 'libero', 18523.00, 1, '2025-07-21 12:33:37', '2025-07-21 12:33:37'),
(5474, 'distinctio', 76969.00, 1, '2025-07-21 12:33:37', '2025-07-21 12:33:37'),
(5475, 'laudantium', 60852.00, 1, '2025-07-21 12:33:37', '2025-07-21 12:33:37'),
(5476, 'doloribus', 48446.00, 1, '2025-07-21 12:33:37', '2025-07-21 12:33:37'),
(5477, 'cumque', 20582.00, 1, '2025-07-21 12:33:37', '2025-07-21 12:33:37'),
(5478, 'et', 94341.00, 1, '2025-07-21 12:33:37', '2025-07-21 12:33:37'),
(5479, 'laboriosam', 34525.00, 1, '2025-07-21 12:33:37', '2025-07-21 12:33:37'),
(5480, 'consequatur', 99328.00, 1, '2025-07-21 12:33:37', '2025-07-21 12:33:37'),
(5481, 'modi', 50486.00, 1, '2025-07-21 12:33:37', '2025-07-21 12:33:37'),
(5482, 'sit', 50934.00, 1, '2025-07-21 12:33:37', '2025-07-21 12:33:37'),
(5483, 'esse', 8969.00, 1, '2025-07-21 12:33:37', '2025-07-21 12:33:37'),
(5484, 'non', 61169.00, 1, '2025-07-21 12:33:37', '2025-07-21 12:33:37'),
(5485, 'sunt', 71880.00, 1, '2025-07-21 12:33:37', '2025-07-21 12:33:37'),
(5486, 'aut', 37234.00, 1, '2025-07-21 12:33:37', '2025-07-21 12:33:37'),
(5487, 'ratione', 27353.00, 1, '2025-07-21 12:33:37', '2025-07-21 12:33:37'),
(5488, 'sit', 71578.00, 1, '2025-07-21 12:33:37', '2025-07-21 12:33:37'),
(5489, 'nam', 80513.00, 1, '2025-07-21 12:33:37', '2025-07-21 12:33:37'),
(5490, 'ad', 97351.00, 1, '2025-07-21 12:33:37', '2025-07-21 12:33:37'),
(5491, 'eaque', 51880.00, 1, '2025-07-21 12:33:37', '2025-07-21 12:33:37'),
(5492, 'tenetur', 59375.00, 1, '2025-07-21 12:33:37', '2025-07-21 12:33:37'),
(5493, 'ut', 55157.00, 1, '2025-07-21 12:33:37', '2025-07-21 12:33:37'),
(5494, 'ad', 82966.00, 1, '2025-07-21 12:33:37', '2025-07-21 12:33:37'),
(5495, 'ratione', 65954.00, 1, '2025-07-21 12:33:37', '2025-07-21 12:33:37'),
(5496, 'quis', 67396.00, 1, '2025-07-21 12:33:37', '2025-07-21 12:33:37'),
(5497, 'aliquid', 4438.00, 1, '2025-07-21 12:33:37', '2025-07-21 12:33:37'),
(5498, 'eligendi', 71896.00, 1, '2025-07-21 12:33:37', '2025-07-21 12:33:37'),
(5499, 'inventore', 95105.00, 1, '2025-07-21 12:33:37', '2025-07-21 12:33:37'),
(5500, 'est', 24219.00, 1, '2025-07-21 12:33:37', '2025-07-21 12:33:37'),
(5501, 'soluta', 97889.00, 1, '2025-07-21 12:33:37', '2025-07-21 12:33:37'),
(5502, 'eligendi', 41263.00, 1, '2025-07-21 12:33:37', '2025-07-21 12:33:37'),
(5503, 'quia', 50482.00, 1, '2025-07-21 12:33:37', '2025-07-21 12:33:37'),
(5504, 'voluptas', 46228.00, 1, '2025-07-21 12:33:37', '2025-07-21 12:33:37'),
(5505, 'voluptates', 82247.00, 1, '2025-07-21 12:33:37', '2025-07-21 12:33:37'),
(5506, 'et', 99524.00, 1, '2025-07-21 12:33:37', '2025-07-21 12:33:37'),
(5507, 'eum', 71388.00, 1, '2025-07-21 12:33:37', '2025-07-21 12:33:37'),
(5508, 'et', 22616.00, 1, '2025-07-21 12:33:37', '2025-07-21 12:33:37'),
(5509, 'velit', 29277.00, 1, '2025-07-21 12:33:37', '2025-07-21 12:33:37'),
(5510, 'error', 85982.00, 1, '2025-07-21 12:33:37', '2025-07-21 12:33:37'),
(5511, 'iste', 36297.00, 1, '2025-07-21 12:33:37', '2025-07-21 12:33:37'),
(5512, 'reprehenderit', 58270.00, 1, '2025-07-21 12:33:37', '2025-07-21 12:33:37'),
(5513, 'deleniti', 62946.00, 1, '2025-07-21 12:33:37', '2025-07-21 12:33:37'),
(5514, 'quas', 57141.00, 1, '2025-07-21 12:33:37', '2025-07-21 12:33:37'),
(5515, 'aut', 33000.00, 1, '2025-07-21 12:33:37', '2025-07-21 12:33:37'),
(5516, 'soluta', 7181.00, 1, '2025-07-21 12:33:37', '2025-07-21 12:33:37'),
(5517, 'et', 45962.00, 1, '2025-07-21 12:33:37', '2025-07-21 12:33:37'),
(5518, 'id', 15715.00, 1, '2025-07-21 12:33:37', '2025-07-21 12:33:37'),
(5519, 'consequuntur', 26424.00, 1, '2025-07-21 12:33:37', '2025-07-21 12:33:37'),
(5520, 'in', 12032.00, 1, '2025-07-21 12:33:37', '2025-07-21 12:33:37'),
(5521, 'aut', 71824.00, 1, '2025-07-21 12:33:37', '2025-07-21 12:33:37'),
(5522, 'dolores', 93100.00, 1, '2025-07-21 12:33:37', '2025-07-21 12:33:37'),
(5523, 'ut', 36004.00, 1, '2025-07-21 12:33:37', '2025-07-21 12:33:37'),
(5524, 'et', 79794.00, 1, '2025-07-21 12:33:37', '2025-07-21 12:33:37'),
(5525, 'sed', 55861.00, 1, '2025-07-21 12:33:37', '2025-07-21 12:33:37'),
(5526, 'incidunt', 14212.00, 1, '2025-07-21 12:33:37', '2025-07-21 12:33:37'),
(5527, 'aliquam', 77196.00, 1, '2025-07-21 12:33:37', '2025-07-21 12:33:37'),
(5528, 'ut', 76754.00, 1, '2025-07-21 12:33:37', '2025-07-21 12:33:37'),
(5529, 'et', 86739.00, 1, '2025-07-21 12:33:37', '2025-07-21 12:33:37'),
(5530, 'rem', 57169.00, 1, '2025-07-21 12:33:37', '2025-07-21 12:33:37'),
(5531, 'dolore', 35442.00, 1, '2025-07-21 12:33:37', '2025-07-21 12:33:37'),
(5532, 'reprehenderit', 44251.00, 1, '2025-07-21 12:33:37', '2025-07-21 12:33:37'),
(5533, 'voluptates', 41485.00, 1, '2025-07-21 12:33:37', '2025-07-21 12:33:37'),
(5534, 'necessitatibus', 22705.00, 1, '2025-07-21 12:33:37', '2025-07-21 12:33:37'),
(5535, 'magni', 19777.00, 1, '2025-07-21 12:33:37', '2025-07-21 12:33:37'),
(5536, 'aut', 76020.00, 1, '2025-07-21 12:33:37', '2025-07-21 12:33:37'),
(5537, 'neque', 7620.00, 1, '2025-07-21 12:33:37', '2025-07-21 12:33:37'),
(5538, 'ducimus', 51949.00, 1, '2025-07-21 12:33:37', '2025-07-21 12:33:37'),
(5539, 'aspernatur', 69830.00, 1, '2025-07-21 12:33:37', '2025-07-21 12:33:37'),
(5540, 'et', 94795.00, 1, '2025-07-21 12:33:37', '2025-07-21 12:33:37'),
(5541, 'tempore', 77917.00, 1, '2025-07-21 12:33:37', '2025-07-21 12:33:37'),
(5542, 'labore', 78759.00, 1, '2025-07-21 12:33:37', '2025-07-21 12:33:37'),
(5543, 'numquam', 74042.00, 1, '2025-07-21 12:33:37', '2025-07-21 12:33:37'),
(5544, 'quis', 10745.00, 1, '2025-07-21 12:33:37', '2025-07-21 12:33:37'),
(5545, 'adipisci', 74638.00, 1, '2025-07-21 12:33:37', '2025-07-21 12:33:37'),
(5546, 'illo', 26404.00, 1, '2025-07-21 12:33:37', '2025-07-21 12:33:37'),
(5547, 'qui', 9281.00, 1, '2025-07-21 12:33:37', '2025-07-21 12:33:37'),
(5548, 'vel', 55916.00, 1, '2025-07-21 12:33:37', '2025-07-21 12:33:37'),
(5549, 'molestiae', 74522.00, 1, '2025-07-21 12:33:37', '2025-07-21 12:33:37'),
(5550, 'sequi', 91576.00, 1, '2025-07-21 12:33:37', '2025-07-21 12:33:37'),
(5551, 'cum', 78064.00, 1, '2025-07-21 12:33:37', '2025-07-21 12:33:37'),
(5552, 'placeat', 3094.00, 1, '2025-07-21 12:33:37', '2025-07-21 12:33:37'),
(5553, 'officia', 5022.00, 1, '2025-07-21 12:33:37', '2025-07-21 12:33:37'),
(5554, 'dignissimos', 5006.00, 1, '2025-07-21 12:33:37', '2025-07-21 12:33:37'),
(5555, 'dolore', 52589.00, 1, '2025-07-21 12:33:37', '2025-07-21 12:33:37'),
(5556, 'blanditiis', 89729.00, 1, '2025-07-21 12:33:37', '2025-07-21 12:33:37'),
(5557, 'quidem', 36949.00, 1, '2025-07-21 12:33:37', '2025-07-21 12:33:37'),
(5558, 'quod', 77020.00, 1, '2025-07-21 12:33:37', '2025-07-21 12:33:37'),
(5559, 'quos', 41803.00, 1, '2025-07-21 12:33:37', '2025-07-21 12:33:37'),
(5560, 'eveniet', 20627.00, 1, '2025-07-21 12:33:37', '2025-07-21 12:33:37'),
(5561, 'et', 43754.00, 1, '2025-07-21 12:33:37', '2025-07-21 12:33:37'),
(5562, 'numquam', 44531.00, 1, '2025-07-21 12:33:37', '2025-07-21 12:33:37'),
(5563, 'molestias', 62119.00, 1, '2025-07-21 12:33:37', '2025-07-21 12:33:37'),
(5564, 'veniam', 77683.00, 1, '2025-07-21 12:33:37', '2025-07-21 12:33:37'),
(5565, 'blanditiis', 21135.00, 1, '2025-07-21 12:33:37', '2025-07-21 12:33:37'),
(5566, 'perspiciatis', 7487.00, 1, '2025-07-21 12:33:37', '2025-07-21 12:33:37'),
(5567, 'aut', 56502.00, 1, '2025-07-21 12:33:37', '2025-07-21 12:33:37'),
(5568, 'numquam', 4255.00, 1, '2025-07-21 12:33:37', '2025-07-21 12:33:37'),
(5569, 'dolore', 58486.00, 1, '2025-07-21 12:33:37', '2025-07-21 12:33:37'),
(5570, 'et', 46152.00, 1, '2025-07-21 12:33:37', '2025-07-21 12:33:37'),
(5571, 'quasi', 63141.00, 1, '2025-07-21 12:33:37', '2025-07-21 12:33:37'),
(5572, 'molestiae', 59592.00, 1, '2025-07-21 12:33:37', '2025-07-21 12:33:37'),
(5573, 'praesentium', 99715.00, 1, '2025-07-21 12:33:37', '2025-07-21 12:33:37'),
(5574, 'fugit', 32001.00, 1, '2025-07-21 12:33:37', '2025-07-21 12:33:37'),
(5575, 'voluptas', 17559.00, 1, '2025-07-21 12:33:37', '2025-07-21 12:33:37'),
(5576, 'impedit', 55947.00, 1, '2025-07-21 12:33:37', '2025-07-21 12:33:37'),
(5577, 'reprehenderit', 3151.00, 1, '2025-07-21 12:33:37', '2025-07-21 12:33:37'),
(5578, 'et', 30195.00, 1, '2025-07-21 12:33:37', '2025-07-21 12:33:37'),
(5579, 'delectus', 13141.00, 1, '2025-07-21 12:33:37', '2025-07-21 12:33:37'),
(5580, 'inventore', 86832.00, 1, '2025-07-21 12:33:37', '2025-07-21 12:33:37'),
(5581, 'reiciendis', 46459.00, 1, '2025-07-21 12:33:37', '2025-07-21 12:33:37'),
(5582, 'at', 17485.00, 1, '2025-07-21 12:33:37', '2025-07-21 12:33:37'),
(5583, 'aut', 38661.00, 1, '2025-07-21 12:33:37', '2025-07-21 12:33:37'),
(5584, 'quia', 70948.00, 1, '2025-07-21 12:33:37', '2025-07-21 12:33:37'),
(5585, 'quod', 92359.00, 1, '2025-07-21 12:33:37', '2025-07-21 12:33:37'),
(5586, 'voluptas', 97248.00, 1, '2025-07-21 12:33:37', '2025-07-21 12:33:37'),
(5587, 'recusandae', 33264.00, 1, '2025-07-21 12:33:37', '2025-07-21 12:33:37'),
(5588, 'est', 50278.00, 1, '2025-07-21 12:33:37', '2025-07-21 12:33:37'),
(5589, 'vero', 63925.00, 1, '2025-07-21 12:33:37', '2025-07-21 12:33:37'),
(5590, 'reprehenderit', 29023.00, 1, '2025-07-21 12:33:37', '2025-07-21 12:33:37'),
(5591, 'sit', 83462.00, 1, '2025-07-21 12:33:37', '2025-07-21 12:33:37'),
(5592, 'accusantium', 88181.00, 1, '2025-07-21 12:33:37', '2025-07-21 12:33:37'),
(5593, 'officia', 41605.00, 1, '2025-07-21 12:33:37', '2025-07-21 12:33:37'),
(5594, 'magnam', 7119.00, 1, '2025-07-21 12:33:37', '2025-07-21 12:33:37'),
(5595, 'quia', 42333.00, 1, '2025-07-21 12:33:37', '2025-07-21 12:33:37'),
(5596, 'dolorum', 19895.00, 1, '2025-07-21 12:33:37', '2025-07-21 12:33:37'),
(5597, 'incidunt', 33670.00, 1, '2025-07-21 12:33:37', '2025-07-21 12:33:37'),
(5598, 'nesciunt', 31964.00, 1, '2025-07-21 12:33:37', '2025-07-21 12:33:37'),
(5599, 'aut', 6038.00, 1, '2025-07-21 12:33:37', '2025-07-21 12:33:37'),
(5600, 'aut', 43511.00, 1, '2025-07-21 12:33:37', '2025-07-21 12:33:37'),
(5601, 'autem', 3064.00, 1, '2025-07-21 12:33:37', '2025-07-21 12:33:37'),
(5602, 'et', 11565.00, 1, '2025-07-21 12:33:37', '2025-07-21 12:33:37'),
(5603, 'quia', 71710.00, 1, '2025-07-21 12:33:37', '2025-07-21 12:33:37'),
(5604, 'architecto', 20943.00, 1, '2025-07-21 12:33:37', '2025-07-21 12:33:37'),
(5605, 'et', 29585.00, 1, '2025-07-21 12:33:37', '2025-07-21 12:33:37'),
(5606, 'quia', 39036.00, 1, '2025-07-21 12:33:37', '2025-07-21 12:33:37'),
(5607, 'nostrum', 62787.00, 1, '2025-07-21 12:33:37', '2025-07-21 12:33:37'),
(5608, 'aut', 14517.00, 1, '2025-07-21 12:33:37', '2025-07-21 12:33:37'),
(5609, 'asperiores', 24460.00, 1, '2025-07-21 12:33:37', '2025-07-21 12:33:37'),
(5610, 'et', 83567.00, 1, '2025-07-21 12:33:37', '2025-07-21 12:33:37'),
(5611, 'eaque', 47471.00, 1, '2025-07-21 12:33:37', '2025-07-21 12:33:37'),
(5612, 'distinctio', 82674.00, 1, '2025-07-21 12:33:37', '2025-07-21 12:33:37'),
(5613, 'non', 45327.00, 1, '2025-07-21 12:33:37', '2025-07-21 12:33:37'),
(5614, 'reiciendis', 96785.00, 1, '2025-07-21 12:33:37', '2025-07-21 12:33:37'),
(5615, 'consequuntur', 59258.00, 1, '2025-07-21 12:33:37', '2025-07-21 12:33:37'),
(5616, 'aut', 61672.00, 1, '2025-07-21 12:33:37', '2025-07-21 12:33:37'),
(5617, 'aut', 96645.00, 1, '2025-07-21 12:33:37', '2025-07-21 12:33:37'),
(5618, 'labore', 58007.00, 1, '2025-07-21 12:33:37', '2025-07-21 12:33:37'),
(5619, 'voluptatem', 84113.00, 1, '2025-07-21 12:33:37', '2025-07-21 12:33:37'),
(5620, 'soluta', 87831.00, 1, '2025-07-21 12:33:37', '2025-07-21 12:33:37'),
(5621, 'praesentium', 28429.00, 1, '2025-07-21 12:33:37', '2025-07-21 12:33:37'),
(5622, 'atque', 28117.00, 1, '2025-07-21 12:33:37', '2025-07-21 12:33:37'),
(5623, 'ab', 65134.00, 1, '2025-07-21 12:33:37', '2025-07-21 12:33:37'),
(5624, 'quibusdam', 65154.00, 1, '2025-07-21 12:33:37', '2025-07-21 12:33:37'),
(5625, 'quo', 74456.00, 1, '2025-07-21 12:33:37', '2025-07-21 12:33:37'),
(5626, 'iste', 9104.00, 1, '2025-07-21 12:33:37', '2025-07-21 12:33:37'),
(5627, 'maiores', 63996.00, 1, '2025-07-21 12:33:37', '2025-07-21 12:33:37'),
(5628, 'rem', 2854.00, 1, '2025-07-21 12:33:37', '2025-07-21 12:33:37'),
(5629, 'doloribus', 38799.00, 1, '2025-07-21 12:33:37', '2025-07-21 12:33:37'),
(5630, 'pariatur', 23675.00, 1, '2025-07-21 12:33:37', '2025-07-21 12:33:37'),
(5631, 'porro', 26735.00, 1, '2025-07-21 12:33:37', '2025-07-21 12:33:37'),
(5632, 'dolores', 47440.00, 1, '2025-07-21 12:33:37', '2025-07-21 12:33:37'),
(5633, 'consectetur', 73140.00, 1, '2025-07-21 12:33:37', '2025-07-21 12:33:37'),
(5634, 'dolorem', 69313.00, 1, '2025-07-21 12:33:37', '2025-07-21 12:33:37'),
(5635, 'excepturi', 99501.00, 1, '2025-07-21 12:33:37', '2025-07-21 12:33:37'),
(5636, 'non', 10381.00, 1, '2025-07-21 12:33:37', '2025-07-21 12:33:37'),
(5637, 'illo', 29811.00, 1, '2025-07-21 12:33:37', '2025-07-21 12:33:37'),
(5638, 'reprehenderit', 43340.00, 1, '2025-07-21 12:33:37', '2025-07-21 12:33:37'),
(5639, 'placeat', 97068.00, 1, '2025-07-21 12:33:37', '2025-07-21 12:33:37'),
(5640, 'maiores', 26211.00, 1, '2025-07-21 12:33:37', '2025-07-21 12:33:37'),
(5641, 'est', 57982.00, 1, '2025-07-21 12:33:37', '2025-07-21 12:33:37'),
(5642, 'veritatis', 61335.00, 1, '2025-07-21 12:33:37', '2025-07-21 12:33:37'),
(5643, 'est', 91781.00, 1, '2025-07-21 12:33:37', '2025-07-21 12:33:37'),
(5644, 'recusandae', 43186.00, 1, '2025-07-21 12:33:37', '2025-07-21 12:33:37'),
(5645, 'iure', 49050.00, 1, '2025-07-21 12:33:37', '2025-07-21 12:33:37'),
(5646, 'voluptatibus', 39405.00, 1, '2025-07-21 12:33:37', '2025-07-21 12:33:37'),
(5647, 'voluptas', 28780.00, 1, '2025-07-21 12:33:37', '2025-07-21 12:33:37'),
(5648, 'consequuntur', 51090.00, 1, '2025-07-21 12:33:37', '2025-07-21 12:33:37'),
(5649, 'vel', 70773.00, 1, '2025-07-21 12:33:37', '2025-07-21 12:33:37'),
(5650, 'voluptatem', 15373.00, 1, '2025-07-21 12:33:37', '2025-07-21 12:33:37'),
(5651, 'aut', 67399.00, 1, '2025-07-21 12:33:37', '2025-07-21 12:33:37'),
(5652, 'voluptate', 17120.00, 1, '2025-07-21 12:33:37', '2025-07-21 12:33:37'),
(5653, 'error', 62098.00, 1, '2025-07-21 12:33:37', '2025-07-21 12:33:37'),
(5654, 'temporibus', 14086.00, 1, '2025-07-21 12:33:37', '2025-07-21 12:33:37'),
(5655, 'asperiores', 79689.00, 1, '2025-07-21 12:33:37', '2025-07-21 12:33:37'),
(5656, 'est', 68993.00, 1, '2025-07-21 12:33:37', '2025-07-21 12:33:37'),
(5657, 'ea', 87191.00, 1, '2025-07-21 12:33:37', '2025-07-21 12:33:37'),
(5658, 'voluptatem', 72270.00, 1, '2025-07-21 12:33:37', '2025-07-21 12:33:37'),
(5659, 'voluptas', 39974.00, 1, '2025-07-21 12:33:37', '2025-07-21 12:33:37'),
(5660, 'repudiandae', 1506.00, 1, '2025-07-21 12:33:37', '2025-07-21 12:33:37'),
(5661, 'eos', 94820.00, 1, '2025-07-21 12:33:37', '2025-07-21 12:33:37'),
(5662, 'atque', 48226.00, 1, '2025-07-21 12:33:37', '2025-07-21 12:33:37'),
(5663, 'dolore', 50786.00, 1, '2025-07-21 12:33:37', '2025-07-21 12:33:37'),
(5664, 'ratione', 14048.00, 1, '2025-07-21 12:33:37', '2025-07-21 12:33:37'),
(5665, 'hic', 20531.00, 1, '2025-07-21 12:33:37', '2025-07-21 12:33:37'),
(5666, 'omnis', 83953.00, 1, '2025-07-21 12:33:37', '2025-07-21 12:33:37'),
(5667, 'necessitatibus', 59643.00, 1, '2025-07-21 12:33:37', '2025-07-21 12:33:37'),
(5668, 'error', 66392.00, 1, '2025-07-21 12:33:37', '2025-07-21 12:33:37'),
(5669, 'facilis', 44144.00, 1, '2025-07-21 12:33:37', '2025-07-21 12:33:37'),
(5670, 'magnam', 79524.00, 1, '2025-07-21 12:33:37', '2025-07-21 12:33:37'),
(5671, 'velit', 79172.00, 1, '2025-07-21 12:33:37', '2025-07-21 12:33:37'),
(5672, 'dicta', 53814.00, 1, '2025-07-21 12:33:37', '2025-07-21 12:33:37'),
(5673, 'voluptatibus', 90258.00, 1, '2025-07-21 12:33:37', '2025-07-21 12:33:37');
INSERT INTO `products` (`product_id`, `name`, `price`, `category_id`, `created_at`, `updated_at`) VALUES
(5674, 'totam', 29405.00, 1, '2025-07-21 12:33:37', '2025-07-21 12:33:37'),
(5675, 'quia', 54549.00, 1, '2025-07-21 12:33:37', '2025-07-21 12:33:37'),
(5676, 'et', 64130.00, 1, '2025-07-21 12:33:37', '2025-07-21 12:33:37'),
(5677, 'facere', 75596.00, 1, '2025-07-21 12:33:37', '2025-07-21 12:33:37'),
(5678, 'debitis', 45387.00, 1, '2025-07-21 12:33:37', '2025-07-21 12:33:37'),
(5679, 'reiciendis', 77387.00, 1, '2025-07-21 12:33:37', '2025-07-21 12:33:37'),
(5680, 'necessitatibus', 8502.00, 1, '2025-07-21 12:33:37', '2025-07-21 12:33:37'),
(5681, 'minus', 17653.00, 1, '2025-07-21 12:33:37', '2025-07-21 12:33:37'),
(5682, 'iste', 35551.00, 1, '2025-07-21 12:33:37', '2025-07-21 12:33:37'),
(5683, 'repellat', 28735.00, 1, '2025-07-21 12:33:37', '2025-07-21 12:33:37'),
(5684, 'nobis', 63169.00, 1, '2025-07-21 12:33:37', '2025-07-21 12:33:37'),
(5685, 'ipsam', 42364.00, 1, '2025-07-21 12:33:37', '2025-07-21 12:33:37'),
(5686, 'hic', 19811.00, 1, '2025-07-21 12:33:37', '2025-07-21 12:33:37'),
(5687, 'dolorem', 95470.00, 1, '2025-07-21 12:33:37', '2025-07-21 12:33:37'),
(5688, 'consectetur', 70513.00, 1, '2025-07-21 12:33:38', '2025-07-21 12:33:38'),
(5689, 'veritatis', 85191.00, 1, '2025-07-21 12:33:38', '2025-07-21 12:33:38'),
(5690, 'cumque', 46004.00, 1, '2025-07-21 12:33:38', '2025-07-21 12:33:38'),
(5691, 'non', 89419.00, 1, '2025-07-21 12:33:38', '2025-07-21 12:33:38'),
(5692, 'voluptate', 8280.00, 1, '2025-07-21 12:33:38', '2025-07-21 12:33:38'),
(5693, 'neque', 49007.00, 1, '2025-07-21 12:33:38', '2025-07-21 12:33:38'),
(5694, 'illum', 31352.00, 1, '2025-07-21 12:33:38', '2025-07-21 12:33:38'),
(5695, 'nesciunt', 49591.00, 1, '2025-07-21 12:33:38', '2025-07-21 12:33:38'),
(5696, 'et', 77325.00, 1, '2025-07-21 12:33:38', '2025-07-21 12:33:38'),
(5697, 'aliquid', 97071.00, 1, '2025-07-21 12:33:38', '2025-07-21 12:33:38'),
(5698, 'numquam', 97074.00, 1, '2025-07-21 12:33:38', '2025-07-21 12:33:38'),
(5699, 'commodi', 29641.00, 1, '2025-07-21 12:33:38', '2025-07-21 12:33:38'),
(5700, 'cum', 54044.00, 1, '2025-07-21 12:33:38', '2025-07-21 12:33:38'),
(5701, 'ex', 5901.00, 1, '2025-07-21 12:33:38', '2025-07-21 12:33:38'),
(5702, 'quae', 59106.00, 1, '2025-07-21 12:33:38', '2025-07-21 12:33:38'),
(5703, 'quidem', 45414.00, 1, '2025-07-21 12:33:38', '2025-07-21 12:33:38'),
(5704, 'ratione', 68109.00, 1, '2025-07-21 12:33:38', '2025-07-21 12:33:38'),
(5705, 'quia', 79726.00, 1, '2025-07-21 12:33:38', '2025-07-21 12:33:38'),
(5706, 'dolores', 10062.00, 1, '2025-07-21 12:33:38', '2025-07-21 12:33:38'),
(5707, 'qui', 94969.00, 1, '2025-07-21 12:33:38', '2025-07-21 12:33:38'),
(5708, 'cumque', 5535.00, 1, '2025-07-21 12:33:38', '2025-07-21 12:33:38'),
(5709, 'adipisci', 98729.00, 1, '2025-07-21 12:33:38', '2025-07-21 12:33:38'),
(5710, 'quae', 60826.00, 1, '2025-07-21 12:33:38', '2025-07-21 12:33:38'),
(5711, 'est', 4299.00, 1, '2025-07-21 12:33:38', '2025-07-21 12:33:38'),
(5712, 'illum', 30114.00, 1, '2025-07-21 12:33:38', '2025-07-21 12:33:38'),
(5713, 'quam', 58655.00, 1, '2025-07-21 12:33:38', '2025-07-21 12:33:38'),
(5714, 'ipsum', 13084.00, 1, '2025-07-21 12:33:38', '2025-07-21 12:33:38'),
(5715, 'quo', 81117.00, 1, '2025-07-21 12:33:38', '2025-07-21 12:33:38'),
(5716, 'qui', 39949.00, 1, '2025-07-21 12:33:38', '2025-07-21 12:33:38'),
(5717, 'totam', 44309.00, 1, '2025-07-21 12:33:38', '2025-07-21 12:33:38'),
(5718, 'molestiae', 22614.00, 1, '2025-07-21 12:33:38', '2025-07-21 12:33:38'),
(5719, 'illo', 60193.00, 1, '2025-07-21 12:33:38', '2025-07-21 12:33:38'),
(5720, 'reiciendis', 51663.00, 1, '2025-07-21 12:33:38', '2025-07-21 12:33:38'),
(5721, 'sint', 61908.00, 1, '2025-07-21 12:33:38', '2025-07-21 12:33:38'),
(5722, 'ut', 86963.00, 1, '2025-07-21 12:33:38', '2025-07-21 12:33:38'),
(5723, 'reiciendis', 27811.00, 1, '2025-07-21 12:33:38', '2025-07-21 12:33:38'),
(5724, 'ipsam', 88109.00, 1, '2025-07-21 12:33:38', '2025-07-21 12:33:38'),
(5725, 'aliquid', 29967.00, 1, '2025-07-21 12:33:38', '2025-07-21 12:33:38'),
(5726, 'inventore', 71305.00, 1, '2025-07-21 12:33:38', '2025-07-21 12:33:38'),
(5727, 'sunt', 92952.00, 1, '2025-07-21 12:33:38', '2025-07-21 12:33:38'),
(5728, 'harum', 64477.00, 1, '2025-07-21 12:33:38', '2025-07-21 12:33:38'),
(5729, 'cumque', 71573.00, 1, '2025-07-21 12:33:38', '2025-07-21 12:33:38'),
(5730, 'aliquam', 21439.00, 1, '2025-07-21 12:33:38', '2025-07-21 12:33:38'),
(5731, 'sed', 36125.00, 1, '2025-07-21 12:33:38', '2025-07-21 12:33:38'),
(5732, 'architecto', 28805.00, 1, '2025-07-21 12:33:38', '2025-07-21 12:33:38'),
(5733, 'est', 59304.00, 1, '2025-07-21 12:33:38', '2025-07-21 12:33:38'),
(5734, 'non', 20088.00, 1, '2025-07-21 12:33:38', '2025-07-21 12:33:38'),
(5735, 'incidunt', 95180.00, 1, '2025-07-21 12:33:38', '2025-07-21 12:33:38'),
(5736, 'fugit', 59687.00, 1, '2025-07-21 12:33:38', '2025-07-21 12:33:38'),
(5737, 'ut', 23479.00, 1, '2025-07-21 12:33:38', '2025-07-21 12:33:38'),
(5738, 'est', 64604.00, 1, '2025-07-21 12:33:38', '2025-07-21 12:33:38'),
(5739, 'voluptates', 45591.00, 1, '2025-07-21 12:33:38', '2025-07-21 12:33:38'),
(5740, 'praesentium', 90136.00, 1, '2025-07-21 12:33:38', '2025-07-21 12:33:38'),
(5741, 'consequatur', 73866.00, 1, '2025-07-21 12:33:38', '2025-07-21 12:33:38'),
(5742, 'non', 81216.00, 1, '2025-07-21 12:33:38', '2025-07-21 12:33:38'),
(5743, 'provident', 85956.00, 1, '2025-07-21 12:33:38', '2025-07-21 12:33:38'),
(5744, 'magnam', 78835.00, 1, '2025-07-21 12:33:38', '2025-07-21 12:33:38'),
(5745, 'voluptatum', 57718.00, 1, '2025-07-21 12:33:38', '2025-07-21 12:33:38'),
(5746, 'assumenda', 37794.00, 1, '2025-07-21 12:33:38', '2025-07-21 12:33:38'),
(5747, 'labore', 74910.00, 1, '2025-07-21 12:33:38', '2025-07-21 12:33:38'),
(5748, 'dolor', 11453.00, 1, '2025-07-21 12:33:38', '2025-07-21 12:33:38'),
(5749, 'dolorum', 53112.00, 1, '2025-07-21 12:33:38', '2025-07-21 12:33:38'),
(5750, 'harum', 39254.00, 1, '2025-07-21 12:33:38', '2025-07-21 12:33:38'),
(5751, 'veniam', 37182.00, 1, '2025-07-21 12:33:38', '2025-07-21 12:33:38'),
(5752, 'aut', 38417.00, 1, '2025-07-21 12:33:38', '2025-07-21 12:33:38'),
(5753, 'culpa', 31940.00, 1, '2025-07-21 12:33:38', '2025-07-21 12:33:38'),
(5754, 'sed', 23197.00, 1, '2025-07-21 12:33:38', '2025-07-21 12:33:38'),
(5755, 'dolorem', 68261.00, 1, '2025-07-21 12:33:38', '2025-07-21 12:33:38'),
(5756, 'quia', 41064.00, 1, '2025-07-21 12:33:38', '2025-07-21 12:33:38'),
(5757, 'blanditiis', 6083.00, 1, '2025-07-21 12:33:38', '2025-07-21 12:33:38'),
(5758, 'tempora', 97917.00, 1, '2025-07-21 12:33:38', '2025-07-21 12:33:38'),
(5759, 'voluptatem', 34568.00, 1, '2025-07-21 12:33:38', '2025-07-21 12:33:38'),
(5760, 'itaque', 15867.00, 1, '2025-07-21 12:33:38', '2025-07-21 12:33:38'),
(5761, 'dolores', 93565.00, 1, '2025-07-21 12:33:38', '2025-07-21 12:33:38'),
(5762, 'natus', 75102.00, 1, '2025-07-21 12:33:38', '2025-07-21 12:33:38'),
(5763, 'eaque', 81504.00, 1, '2025-07-21 12:33:38', '2025-07-21 12:33:38'),
(5764, 'aut', 20706.00, 1, '2025-07-21 12:33:38', '2025-07-21 12:33:38'),
(5765, 'recusandae', 30114.00, 1, '2025-07-21 12:33:38', '2025-07-21 12:33:38'),
(5766, 'voluptate', 20037.00, 1, '2025-07-21 12:33:38', '2025-07-21 12:33:38'),
(5767, 'inventore', 64844.00, 1, '2025-07-21 12:33:38', '2025-07-21 12:33:38'),
(5768, 'magnam', 40005.00, 1, '2025-07-21 12:33:38', '2025-07-21 12:33:38'),
(5769, 'consequuntur', 18913.00, 1, '2025-07-21 12:33:38', '2025-07-21 12:33:38'),
(5770, 'molestiae', 15044.00, 1, '2025-07-21 12:33:38', '2025-07-21 12:33:38'),
(5771, 'cupiditate', 27884.00, 1, '2025-07-21 12:33:38', '2025-07-21 12:33:38'),
(5772, 'occaecati', 37692.00, 1, '2025-07-21 12:33:38', '2025-07-21 12:33:38'),
(5773, 'iure', 49361.00, 1, '2025-07-21 12:33:38', '2025-07-21 12:33:38'),
(5774, 'ab', 54411.00, 1, '2025-07-21 12:33:38', '2025-07-21 12:33:38'),
(5775, 'occaecati', 76174.00, 1, '2025-07-21 12:33:38', '2025-07-21 12:33:38'),
(5776, 'doloremque', 47221.00, 1, '2025-07-21 12:33:38', '2025-07-21 12:33:38'),
(5777, 'quis', 99259.00, 1, '2025-07-21 12:33:38', '2025-07-21 12:33:38'),
(5778, 'sed', 94414.00, 1, '2025-07-21 12:33:38', '2025-07-21 12:33:38'),
(5779, 'at', 74774.00, 1, '2025-07-21 12:33:38', '2025-07-21 12:33:38'),
(5780, 'et', 52997.00, 1, '2025-07-21 12:33:38', '2025-07-21 12:33:38'),
(5781, 'corrupti', 90030.00, 1, '2025-07-21 12:33:38', '2025-07-21 12:33:38'),
(5782, 'autem', 89841.00, 1, '2025-07-21 12:33:38', '2025-07-21 12:33:38'),
(5783, 'id', 58106.00, 1, '2025-07-21 12:33:38', '2025-07-21 12:33:38'),
(5784, 'iure', 66380.00, 1, '2025-07-21 12:33:38', '2025-07-21 12:33:38'),
(5785, 'et', 93802.00, 1, '2025-07-21 12:33:38', '2025-07-21 12:33:38'),
(5786, 'voluptatibus', 59503.00, 1, '2025-07-21 12:33:38', '2025-07-21 12:33:38'),
(5787, 'quia', 81931.00, 1, '2025-07-21 12:33:38', '2025-07-21 12:33:38'),
(5788, 'laboriosam', 70629.00, 1, '2025-07-21 12:33:38', '2025-07-21 12:33:38'),
(5789, 'qui', 1371.00, 1, '2025-07-21 12:33:38', '2025-07-21 12:33:38'),
(5790, 'perferendis', 56296.00, 1, '2025-07-21 12:33:38', '2025-07-21 12:33:38'),
(5791, 'eveniet', 99232.00, 1, '2025-07-21 12:33:38', '2025-07-21 12:33:38'),
(5792, 'eum', 62149.00, 1, '2025-07-21 12:33:38', '2025-07-21 12:33:38'),
(5793, 'possimus', 78730.00, 1, '2025-07-21 12:33:38', '2025-07-21 12:33:38'),
(5794, 'impedit', 44075.00, 1, '2025-07-21 12:33:38', '2025-07-21 12:33:38'),
(5795, 'quaerat', 38865.00, 1, '2025-07-21 12:33:38', '2025-07-21 12:33:38'),
(5796, 'dolorum', 53482.00, 1, '2025-07-21 12:33:38', '2025-07-21 12:33:38'),
(5797, 'quia', 63412.00, 1, '2025-07-21 12:33:38', '2025-07-21 12:33:38'),
(5798, 'facere', 48158.00, 1, '2025-07-21 12:33:38', '2025-07-21 12:33:38'),
(5799, 'unde', 96909.00, 1, '2025-07-21 12:33:38', '2025-07-21 12:33:38'),
(5800, 'ut', 56032.00, 1, '2025-07-21 12:33:38', '2025-07-21 12:33:38'),
(5801, 'magni', 56040.00, 1, '2025-07-21 12:33:38', '2025-07-21 12:33:38'),
(5802, 'molestiae', 38852.00, 1, '2025-07-21 12:33:38', '2025-07-21 12:33:38'),
(5803, 'distinctio', 66901.00, 1, '2025-07-21 12:33:38', '2025-07-21 12:33:38'),
(5804, 'odio', 93778.00, 1, '2025-07-21 12:33:38', '2025-07-21 12:33:38'),
(5805, 'in', 33667.00, 1, '2025-07-21 12:33:38', '2025-07-21 12:33:38'),
(5806, 'molestiae', 40137.00, 1, '2025-07-21 12:33:38', '2025-07-21 12:33:38'),
(5807, 'magnam', 68038.00, 1, '2025-07-21 12:33:38', '2025-07-21 12:33:38'),
(5808, 'accusamus', 71695.00, 1, '2025-07-21 12:33:38', '2025-07-21 12:33:38'),
(5809, 'et', 56416.00, 1, '2025-07-21 12:33:38', '2025-07-21 12:33:38'),
(5810, 'eligendi', 59781.00, 1, '2025-07-21 12:33:38', '2025-07-21 12:33:38'),
(5811, 'eius', 6871.00, 1, '2025-07-21 12:33:38', '2025-07-21 12:33:38'),
(5812, 'nemo', 14831.00, 1, '2025-07-21 12:33:38', '2025-07-21 12:33:38'),
(5813, 'rerum', 54711.00, 1, '2025-07-21 12:33:38', '2025-07-21 12:33:38'),
(5814, 'commodi', 98613.00, 1, '2025-07-21 12:33:38', '2025-07-21 12:33:38'),
(5815, 'voluptas', 2282.00, 1, '2025-07-21 12:33:38', '2025-07-21 12:33:38'),
(5816, 'aut', 2841.00, 1, '2025-07-21 12:33:38', '2025-07-21 12:33:38'),
(5817, 'qui', 34131.00, 1, '2025-07-21 12:33:38', '2025-07-21 12:33:38'),
(5818, 'consequatur', 90558.00, 1, '2025-07-21 12:33:38', '2025-07-21 12:33:38'),
(5819, 'optio', 60686.00, 1, '2025-07-21 12:33:38', '2025-07-21 12:33:38'),
(5820, 'iusto', 99941.00, 1, '2025-07-21 12:33:38', '2025-07-21 12:33:38'),
(5821, 'aut', 95466.00, 1, '2025-07-21 12:33:38', '2025-07-21 12:33:38'),
(5822, 'quidem', 40710.00, 1, '2025-07-21 12:33:38', '2025-07-21 12:33:38'),
(5823, 'tempora', 15158.00, 1, '2025-07-21 12:33:38', '2025-07-21 12:33:38'),
(5824, 'suscipit', 67122.00, 1, '2025-07-21 12:33:38', '2025-07-21 12:33:38'),
(5825, 'dolor', 74388.00, 1, '2025-07-21 12:33:38', '2025-07-21 12:33:38'),
(5826, 'consequatur', 36235.00, 1, '2025-07-21 12:33:38', '2025-07-21 12:33:38'),
(5827, 'quibusdam', 1640.00, 1, '2025-07-21 12:33:38', '2025-07-21 12:33:38'),
(5828, 'quae', 42037.00, 1, '2025-07-21 12:33:38', '2025-07-21 12:33:38'),
(5829, 'vel', 20267.00, 1, '2025-07-21 12:33:38', '2025-07-21 12:33:38'),
(5830, 'nostrum', 92062.00, 1, '2025-07-21 12:33:38', '2025-07-21 12:33:38'),
(5831, 'corrupti', 92295.00, 1, '2025-07-21 12:33:38', '2025-07-21 12:33:38'),
(5832, 'fuga', 72947.00, 1, '2025-07-21 12:33:38', '2025-07-21 12:33:38'),
(5833, 'quia', 4946.00, 1, '2025-07-21 12:33:38', '2025-07-21 12:33:38'),
(5834, 'error', 35911.00, 1, '2025-07-21 12:33:38', '2025-07-21 12:33:38'),
(5835, 'corrupti', 77350.00, 1, '2025-07-21 12:33:38', '2025-07-21 12:33:38'),
(5836, 'quaerat', 30431.00, 1, '2025-07-21 12:33:38', '2025-07-21 12:33:38'),
(5837, 'voluptas', 59345.00, 1, '2025-07-21 12:33:38', '2025-07-21 12:33:38'),
(5838, 'quod', 42598.00, 1, '2025-07-21 12:33:38', '2025-07-21 12:33:38'),
(5839, 'repudiandae', 71629.00, 1, '2025-07-21 12:33:38', '2025-07-21 12:33:38'),
(5840, 'qui', 76572.00, 1, '2025-07-21 12:33:38', '2025-07-21 12:33:38'),
(5841, 'deleniti', 74482.00, 1, '2025-07-21 12:33:38', '2025-07-21 12:33:38'),
(5842, 'voluptatum', 35180.00, 1, '2025-07-21 12:33:38', '2025-07-21 12:33:38'),
(5843, 'provident', 34952.00, 1, '2025-07-21 12:33:38', '2025-07-21 12:33:38'),
(5844, 'ut', 18128.00, 1, '2025-07-21 12:33:38', '2025-07-21 12:33:38'),
(5845, 'ut', 21015.00, 1, '2025-07-21 12:33:38', '2025-07-21 12:33:38'),
(5846, 'est', 30290.00, 1, '2025-07-21 12:33:38', '2025-07-21 12:33:38'),
(5847, 'repellat', 20927.00, 1, '2025-07-21 12:33:38', '2025-07-21 12:33:38'),
(5848, 'dolorum', 26052.00, 1, '2025-07-21 12:33:38', '2025-07-21 12:33:38'),
(5849, 'reiciendis', 4604.00, 1, '2025-07-21 12:33:38', '2025-07-21 12:33:38'),
(5850, 'ut', 4175.00, 1, '2025-07-21 12:33:38', '2025-07-21 12:33:38'),
(5851, 'earum', 4159.00, 1, '2025-07-21 12:33:38', '2025-07-21 12:33:38'),
(5852, 'est', 85822.00, 1, '2025-07-21 12:33:38', '2025-07-21 12:33:38'),
(5853, 'molestiae', 83518.00, 1, '2025-07-21 12:33:38', '2025-07-21 12:33:38'),
(5854, 'perferendis', 54024.00, 1, '2025-07-21 12:33:38', '2025-07-21 12:33:38'),
(5855, 'corporis', 55627.00, 1, '2025-07-21 12:33:38', '2025-07-21 12:33:38'),
(5856, 'in', 1673.00, 1, '2025-07-21 12:33:38', '2025-07-21 12:33:38'),
(5857, 'qui', 73630.00, 1, '2025-07-21 12:33:38', '2025-07-21 12:33:38'),
(5858, 'dolore', 57584.00, 1, '2025-07-21 12:33:38', '2025-07-21 12:33:38'),
(5859, 'illo', 81834.00, 1, '2025-07-21 12:33:38', '2025-07-21 12:33:38'),
(5860, 'rerum', 49081.00, 1, '2025-07-21 12:33:38', '2025-07-21 12:33:38'),
(5861, 'tempora', 51016.00, 1, '2025-07-21 12:33:38', '2025-07-21 12:33:38'),
(5862, 'inventore', 65074.00, 1, '2025-07-21 12:33:38', '2025-07-21 12:33:38'),
(5863, 'suscipit', 83846.00, 1, '2025-07-21 12:33:38', '2025-07-21 12:33:38'),
(5864, 'consequatur', 33894.00, 1, '2025-07-21 12:33:38', '2025-07-21 12:33:38'),
(5865, 'ea', 63895.00, 1, '2025-07-21 12:33:38', '2025-07-21 12:33:38'),
(5866, 'dolorem', 82736.00, 1, '2025-07-21 12:33:38', '2025-07-21 12:33:38'),
(5867, 'facere', 74439.00, 1, '2025-07-21 12:33:38', '2025-07-21 12:33:38'),
(5868, 'quia', 9935.00, 1, '2025-07-21 12:33:38', '2025-07-21 12:33:38'),
(5869, 'laborum', 67242.00, 1, '2025-07-21 12:33:38', '2025-07-21 12:33:38'),
(5870, 'dolore', 44931.00, 1, '2025-07-21 12:33:38', '2025-07-21 12:33:38'),
(5871, 'autem', 91615.00, 1, '2025-07-21 12:33:38', '2025-07-21 12:33:38'),
(5872, 'fugiat', 99138.00, 1, '2025-07-21 12:33:38', '2025-07-21 12:33:38'),
(5873, 'tempore', 79117.00, 1, '2025-07-21 12:33:38', '2025-07-21 12:33:38'),
(5874, 'praesentium', 14611.00, 1, '2025-07-21 12:33:38', '2025-07-21 12:33:38'),
(5875, 'repudiandae', 52956.00, 1, '2025-07-21 12:33:38', '2025-07-21 12:33:38'),
(5876, 'perferendis', 11297.00, 1, '2025-07-21 12:33:38', '2025-07-21 12:33:38'),
(5877, 'adipisci', 78024.00, 1, '2025-07-21 12:33:38', '2025-07-21 12:33:38'),
(5878, 'a', 80090.00, 1, '2025-07-21 12:33:38', '2025-07-21 12:33:38'),
(5879, 'quia', 32948.00, 1, '2025-07-21 12:33:38', '2025-07-21 12:33:38'),
(5880, 'sint', 48506.00, 1, '2025-07-21 12:33:38', '2025-07-21 12:33:38'),
(5881, 'explicabo', 60572.00, 1, '2025-07-21 12:33:38', '2025-07-21 12:33:38'),
(5882, 'quibusdam', 55346.00, 1, '2025-07-21 12:33:38', '2025-07-21 12:33:38'),
(5883, 'quia', 24890.00, 1, '2025-07-21 12:33:38', '2025-07-21 12:33:38'),
(5884, 'eveniet', 40202.00, 1, '2025-07-21 12:33:38', '2025-07-21 12:33:38'),
(5885, 'et', 87148.00, 1, '2025-07-21 12:33:38', '2025-07-21 12:33:38'),
(5886, 'reiciendis', 24261.00, 1, '2025-07-21 12:33:38', '2025-07-21 12:33:38'),
(5887, 'voluptatem', 74401.00, 1, '2025-07-21 12:33:38', '2025-07-21 12:33:38'),
(5888, 'dolores', 86932.00, 1, '2025-07-21 12:33:38', '2025-07-21 12:33:38'),
(5889, 'qui', 11404.00, 1, '2025-07-21 12:33:38', '2025-07-21 12:33:38'),
(5890, 'ut', 15311.00, 1, '2025-07-21 12:33:38', '2025-07-21 12:33:38'),
(5891, 'voluptas', 56357.00, 1, '2025-07-21 12:33:38', '2025-07-21 12:33:38'),
(5892, 'eos', 43607.00, 1, '2025-07-21 12:33:38', '2025-07-21 12:33:38'),
(5893, 'atque', 17840.00, 1, '2025-07-21 12:33:38', '2025-07-21 12:33:38'),
(5894, 'nihil', 40821.00, 1, '2025-07-21 12:33:38', '2025-07-21 12:33:38'),
(5895, 'assumenda', 39864.00, 1, '2025-07-21 12:33:38', '2025-07-21 12:33:38'),
(5896, 'inventore', 39707.00, 1, '2025-07-21 12:33:38', '2025-07-21 12:33:38'),
(5897, 'error', 88957.00, 1, '2025-07-21 12:33:38', '2025-07-21 12:33:38'),
(5898, 'dolor', 36818.00, 1, '2025-07-21 12:33:38', '2025-07-21 12:33:38'),
(5899, 'autem', 54211.00, 1, '2025-07-21 12:33:38', '2025-07-21 12:33:38'),
(5900, 'autem', 65240.00, 1, '2025-07-21 12:33:38', '2025-07-21 12:33:38'),
(5901, 'et', 2456.00, 1, '2025-07-21 12:33:38', '2025-07-21 12:33:38'),
(5902, 'consectetur', 9978.00, 1, '2025-07-21 12:33:38', '2025-07-21 12:33:38'),
(5903, 'deleniti', 8730.00, 1, '2025-07-21 12:33:38', '2025-07-21 12:33:38'),
(5904, 'non', 6380.00, 1, '2025-07-21 12:33:38', '2025-07-21 12:33:38'),
(5905, 'error', 43100.00, 1, '2025-07-21 12:33:38', '2025-07-21 12:33:38'),
(5906, 'est', 14588.00, 1, '2025-07-21 12:33:38', '2025-07-21 12:33:38'),
(5907, 'debitis', 79508.00, 1, '2025-07-21 12:33:38', '2025-07-21 12:33:38'),
(5908, 'perferendis', 5965.00, 1, '2025-07-21 12:33:38', '2025-07-21 12:33:38'),
(5909, 'est', 8860.00, 1, '2025-07-21 12:33:38', '2025-07-21 12:33:38'),
(5910, 'neque', 96874.00, 1, '2025-07-21 12:33:38', '2025-07-21 12:33:38'),
(5911, 'et', 84503.00, 1, '2025-07-21 12:33:38', '2025-07-21 12:33:38'),
(5912, 'temporibus', 92583.00, 1, '2025-07-21 12:33:38', '2025-07-21 12:33:38'),
(5913, 'eaque', 39226.00, 1, '2025-07-21 12:33:38', '2025-07-21 12:33:38'),
(5914, 'dolor', 63041.00, 1, '2025-07-21 12:33:38', '2025-07-21 12:33:38'),
(5915, 'eius', 67613.00, 1, '2025-07-21 12:33:38', '2025-07-21 12:33:38'),
(5916, 'dolorem', 42764.00, 1, '2025-07-21 12:33:38', '2025-07-21 12:33:38'),
(5917, 'voluptatem', 96230.00, 1, '2025-07-21 12:33:38', '2025-07-21 12:33:38'),
(5918, 'aut', 30673.00, 1, '2025-07-21 12:33:38', '2025-07-21 12:33:38'),
(5919, 'voluptatem', 46644.00, 1, '2025-07-21 12:33:38', '2025-07-21 12:33:38'),
(5920, 'cupiditate', 65525.00, 1, '2025-07-21 12:33:38', '2025-07-21 12:33:38'),
(5921, 'et', 78101.00, 1, '2025-07-21 12:33:38', '2025-07-21 12:33:38'),
(5922, 'tempora', 84092.00, 1, '2025-07-21 12:33:38', '2025-07-21 12:33:38'),
(5923, 'et', 63766.00, 1, '2025-07-21 12:33:38', '2025-07-21 12:33:38'),
(5924, 'quibusdam', 56004.00, 1, '2025-07-21 12:33:38', '2025-07-21 12:33:38'),
(5925, 'nihil', 40679.00, 1, '2025-07-21 12:33:38', '2025-07-21 12:33:38'),
(5926, 'ullam', 11445.00, 1, '2025-07-21 12:33:38', '2025-07-21 12:33:38'),
(5927, 'ullam', 34400.00, 1, '2025-07-21 12:33:38', '2025-07-21 12:33:38'),
(5928, 'dicta', 72248.00, 1, '2025-07-21 12:33:38', '2025-07-21 12:33:38'),
(5929, 'non', 42507.00, 1, '2025-07-21 12:33:38', '2025-07-21 12:33:38'),
(5930, 'veritatis', 82087.00, 1, '2025-07-21 12:33:38', '2025-07-21 12:33:38'),
(5931, 'repellendus', 67239.00, 1, '2025-07-21 12:33:38', '2025-07-21 12:33:38'),
(5932, 'eveniet', 26436.00, 1, '2025-07-21 12:33:38', '2025-07-21 12:33:38'),
(5933, 'vel', 83231.00, 1, '2025-07-21 12:33:38', '2025-07-21 12:33:38'),
(5934, 'ut', 12413.00, 1, '2025-07-21 12:33:38', '2025-07-21 12:33:38'),
(5935, 'tenetur', 68728.00, 1, '2025-07-21 12:33:38', '2025-07-21 12:33:38'),
(5936, 'voluptatem', 63196.00, 1, '2025-07-21 12:33:38', '2025-07-21 12:33:38'),
(5937, 'earum', 13179.00, 1, '2025-07-21 12:33:38', '2025-07-21 12:33:38'),
(5938, 'maxime', 24347.00, 1, '2025-07-21 12:33:38', '2025-07-21 12:33:38'),
(5939, 'labore', 65418.00, 1, '2025-07-21 12:33:38', '2025-07-21 12:33:38'),
(5940, 'et', 1891.00, 1, '2025-07-21 12:33:38', '2025-07-21 12:33:38'),
(5941, 'modi', 52977.00, 1, '2025-07-21 12:33:38', '2025-07-21 12:33:38'),
(5942, 'veritatis', 78114.00, 1, '2025-07-21 12:33:38', '2025-07-21 12:33:38'),
(5943, 'nam', 69457.00, 1, '2025-07-21 12:33:38', '2025-07-21 12:33:38'),
(5944, 'optio', 20561.00, 1, '2025-07-21 12:33:38', '2025-07-21 12:33:38'),
(5945, 'aut', 92618.00, 1, '2025-07-21 12:33:38', '2025-07-21 12:33:38'),
(5946, 'id', 53219.00, 1, '2025-07-21 12:33:38', '2025-07-21 12:33:38'),
(5947, 'veritatis', 28791.00, 1, '2025-07-21 12:33:38', '2025-07-21 12:33:38'),
(5948, 'quas', 36528.00, 1, '2025-07-21 12:33:38', '2025-07-21 12:33:38'),
(5949, 'incidunt', 10843.00, 1, '2025-07-21 12:33:38', '2025-07-21 12:33:38'),
(5950, 'illo', 24223.00, 1, '2025-07-21 12:33:38', '2025-07-21 12:33:38'),
(5951, 'corporis', 96550.00, 1, '2025-07-21 12:33:38', '2025-07-21 12:33:38'),
(5952, 'placeat', 77397.00, 1, '2025-07-21 12:33:38', '2025-07-21 12:33:38'),
(5953, 'quibusdam', 24429.00, 1, '2025-07-21 12:33:38', '2025-07-21 12:33:38'),
(5954, 'voluptate', 80879.00, 1, '2025-07-21 12:33:38', '2025-07-21 12:33:38'),
(5955, 'ipsam', 43014.00, 1, '2025-07-21 12:33:38', '2025-07-21 12:33:38'),
(5956, 'voluptatibus', 98924.00, 1, '2025-07-21 12:33:38', '2025-07-21 12:33:38'),
(5957, 'delectus', 17164.00, 1, '2025-07-21 12:33:39', '2025-07-21 12:33:39'),
(5958, 'numquam', 37585.00, 1, '2025-07-21 12:33:39', '2025-07-21 12:33:39'),
(5959, 'et', 92204.00, 1, '2025-07-21 12:33:39', '2025-07-21 12:33:39'),
(5960, 'ut', 15066.00, 1, '2025-07-21 12:33:39', '2025-07-21 12:33:39'),
(5961, 'impedit', 58647.00, 1, '2025-07-21 12:33:39', '2025-07-21 12:33:39'),
(5962, 'id', 23216.00, 1, '2025-07-21 12:33:39', '2025-07-21 12:33:39'),
(5963, 'et', 94710.00, 1, '2025-07-21 12:33:39', '2025-07-21 12:33:39'),
(5964, 'unde', 34329.00, 1, '2025-07-21 12:33:39', '2025-07-21 12:33:39'),
(5965, 'nam', 25205.00, 1, '2025-07-21 12:33:39', '2025-07-21 12:33:39'),
(5966, 'corporis', 1955.00, 1, '2025-07-21 12:33:39', '2025-07-21 12:33:39'),
(5967, 'accusamus', 75698.00, 1, '2025-07-21 12:33:39', '2025-07-21 12:33:39'),
(5968, 'in', 19401.00, 1, '2025-07-21 12:33:39', '2025-07-21 12:33:39'),
(5969, 'ut', 70333.00, 1, '2025-07-21 12:33:39', '2025-07-21 12:33:39'),
(5970, 'vel', 21412.00, 1, '2025-07-21 12:33:39', '2025-07-21 12:33:39'),
(5971, 'exercitationem', 23692.00, 1, '2025-07-21 12:33:39', '2025-07-21 12:33:39'),
(5972, 'ex', 86980.00, 1, '2025-07-21 12:33:39', '2025-07-21 12:33:39'),
(5973, 'impedit', 27149.00, 1, '2025-07-21 12:33:39', '2025-07-21 12:33:39'),
(5974, 'tempora', 73085.00, 1, '2025-07-21 12:33:39', '2025-07-21 12:33:39'),
(5975, 'voluptas', 96208.00, 1, '2025-07-21 12:33:39', '2025-07-21 12:33:39'),
(5976, 'est', 1922.00, 1, '2025-07-21 12:33:39', '2025-07-21 12:33:39'),
(5977, 'explicabo', 58442.00, 1, '2025-07-21 12:33:39', '2025-07-21 12:33:39'),
(5978, 'omnis', 80334.00, 1, '2025-07-21 12:33:39', '2025-07-21 12:33:39'),
(5979, 'quod', 43648.00, 1, '2025-07-21 12:33:39', '2025-07-21 12:33:39'),
(5980, 'voluptatibus', 51184.00, 1, '2025-07-21 12:33:39', '2025-07-21 12:33:39'),
(5981, 'quis', 20565.00, 1, '2025-07-21 12:33:39', '2025-07-21 12:33:39'),
(5982, 'dolor', 83667.00, 1, '2025-07-21 12:33:39', '2025-07-21 12:33:39'),
(5983, 'officia', 32113.00, 1, '2025-07-21 12:33:39', '2025-07-21 12:33:39'),
(5984, 'in', 94608.00, 1, '2025-07-21 12:33:39', '2025-07-21 12:33:39'),
(5985, 'et', 6464.00, 1, '2025-07-21 12:33:39', '2025-07-21 12:33:39'),
(5986, 'ea', 36136.00, 1, '2025-07-21 12:33:39', '2025-07-21 12:33:39'),
(5987, 'enim', 14021.00, 1, '2025-07-21 12:33:39', '2025-07-21 12:33:39'),
(5988, 'esse', 5307.00, 1, '2025-07-21 12:33:39', '2025-07-21 12:33:39'),
(5989, 'sed', 23259.00, 1, '2025-07-21 12:33:39', '2025-07-21 12:33:39'),
(5990, 'asperiores', 7195.00, 1, '2025-07-21 12:33:39', '2025-07-21 12:33:39'),
(5991, 'similique', 35230.00, 1, '2025-07-21 12:33:39', '2025-07-21 12:33:39'),
(5992, 'qui', 84035.00, 1, '2025-07-21 12:33:39', '2025-07-21 12:33:39'),
(5993, 'et', 55264.00, 1, '2025-07-21 12:33:39', '2025-07-21 12:33:39'),
(5994, 'et', 96982.00, 1, '2025-07-21 12:33:39', '2025-07-21 12:33:39'),
(5995, 'eos', 40710.00, 1, '2025-07-21 12:33:39', '2025-07-21 12:33:39'),
(5996, 'dolor', 34564.00, 1, '2025-07-21 12:33:39', '2025-07-21 12:33:39'),
(5997, 'itaque', 8363.00, 1, '2025-07-21 12:33:39', '2025-07-21 12:33:39'),
(5998, 'sed', 93082.00, 1, '2025-07-21 12:33:39', '2025-07-21 12:33:39'),
(5999, 'ipsam', 5131.00, 1, '2025-07-21 12:33:39', '2025-07-21 12:33:39'),
(6000, 'blanditiis', 7277.00, 1, '2025-07-21 12:33:39', '2025-07-21 12:33:39'),
(6001, 'qui', 23371.00, 1, '2025-07-21 12:33:39', '2025-07-21 12:33:39'),
(6002, 'id', 33738.00, 1, '2025-07-21 12:33:39', '2025-07-21 12:33:39'),
(6003, 'omnis', 79313.00, 1, '2025-07-21 12:33:39', '2025-07-21 12:33:39'),
(6004, 'quaerat', 24147.00, 1, '2025-07-21 12:33:39', '2025-07-21 12:33:39'),
(6005, 'eos', 32413.00, 1, '2025-07-21 12:33:39', '2025-07-21 12:33:39'),
(6006, 'sunt', 47129.00, 1, '2025-07-21 12:33:39', '2025-07-21 12:33:39');

--
-- Triggers `products`
--
DELIMITER $$
CREATE TRIGGER `after_update_product` AFTER UPDATE ON `products` FOR EACH ROW BEGIN
  IF NEW.price <> OLD.price THEN
    INSERT INTO log_update_harga (product_id, old_price, new_price, waktu)
    VALUES (NEW.product_id, OLD.price, NEW.price, NOW());
  END IF;
END
$$
DELIMITER ;
DELIMITER $$
CREATE TRIGGER `before_insert_product` BEFORE INSERT ON `products` FOR EACH ROW BEGIN
  IF NEW.price <= 0 THEN
    SET NEW.price = 1000; -- harga default jika input <= 0
  END IF;
END
$$
DELIMITER ;

-- --------------------------------------------------------

--
-- Stand-in structure for view `produk_mahal`
-- (See below for the actual view)
--
CREATE TABLE `produk_mahal` (
`category_id` int
,`created_at` timestamp
,`name` varchar(100)
,`price` decimal(10,2)
,`product_id` int
,`updated_at` timestamp
);

-- --------------------------------------------------------

--
-- Stand-in structure for view `produk_mahal_nama`
-- (See below for the actual view)
--
CREATE TABLE `produk_mahal_nama` (
`category_id` int
,`created_at` timestamp
,`name` varchar(100)
,`price` decimal(10,2)
,`product_id` int
,`updated_at` timestamp
);

-- --------------------------------------------------------

--
-- Stand-in structure for view `produk_ringkas`
-- (See below for the actual view)
--
CREATE TABLE `produk_ringkas` (
`name` varchar(100)
,`price` decimal(10,2)
);

-- --------------------------------------------------------

--
-- Table structure for table `stok_produk`
--

CREATE TABLE `stok_produk` (
  `id` int NOT NULL,
  `product_id` int DEFAULT NULL,
  `lokasi` varchar(50) DEFAULT NULL,
  `jumlah` int DEFAULT NULL
) ENGINE=InnoDB DEFAULT CHARSET=utf8mb4 COLLATE=utf8mb4_0900_ai_ci;

-- --------------------------------------------------------

--
-- Table structure for table `users`
--

CREATE TABLE `users` (
  `user_id` int NOT NULL,
  `name` varchar(100) DEFAULT NULL,
  `email` varchar(100) DEFAULT NULL,
  `password` varchar(255) DEFAULT NULL,
  `remember_token` varchar(100) DEFAULT NULL,
  `email_verified_at` timestamp NULL DEFAULT NULL,
  `created_at` timestamp NULL DEFAULT NULL,
  `updated_at` timestamp NULL DEFAULT NULL
) ENGINE=InnoDB DEFAULT CHARSET=utf8mb4 COLLATE=utf8mb4_0900_ai_ci;

--
-- Dumping data for table `users`
--

INSERT INTO `users` (`user_id`, `name`, `email`, `password`, `remember_token`, `email_verified_at`, `created_at`, `updated_at`) VALUES
(1, 'Andi', 'andi@mail.com', NULL, NULL, NULL, NULL, NULL),
(2, 'Budi', 'budi@mail.com', NULL, NULL, NULL, NULL, NULL),
(3, 'Cici', 'cici@mail.com', NULL, NULL, NULL, NULL, NULL),
(4, 'Dedi', 'dedi@mail.com', NULL, NULL, NULL, NULL, NULL),
(5, 'Eka', 'eka@mail.com', NULL, NULL, NULL, NULL, NULL),
(6, 'Ralph Breitenberg', 'schiller.darrin@example.org', '$2y$12$Bq.oy7YdSsyP9wrUxjAU4.vVHbPzON2.4lTaxFHXJEiL.kVdO0BlS', 'wlo01QWQtk', '2025-07-21 10:15:59', '2025-07-21 10:15:59', '2025-07-21 10:15:59'),
(7, 'Katherine O\'Connell', 'csmitham@example.net', '$2y$12$Bq.oy7YdSsyP9wrUxjAU4.vVHbPzON2.4lTaxFHXJEiL.kVdO0BlS', 'p4uk1Td3Qv', '2025-07-21 10:15:59', '2025-07-21 10:15:59', '2025-07-21 10:15:59'),
(8, 'Jakob Bogan', 'casper.adrian@example.net', '$2y$12$Bq.oy7YdSsyP9wrUxjAU4.vVHbPzON2.4lTaxFHXJEiL.kVdO0BlS', 'IUz2b4xxBm', '2025-07-21 10:15:59', '2025-07-21 10:15:59', '2025-07-21 10:15:59'),
(9, 'Loyal Hackett', 'candelario.bogan@example.com', '$2y$12$Bq.oy7YdSsyP9wrUxjAU4.vVHbPzON2.4lTaxFHXJEiL.kVdO0BlS', 'XhSHYQtf5G', '2025-07-21 10:15:59', '2025-07-21 10:15:59', '2025-07-21 10:15:59'),
(10, 'Cathy Emard', 'qgibson@example.net', '$2y$12$Bq.oy7YdSsyP9wrUxjAU4.vVHbPzON2.4lTaxFHXJEiL.kVdO0BlS', 'zjtjvq86mf', '2025-07-21 10:15:59', '2025-07-21 10:15:59', '2025-07-21 10:15:59'),
(11, 'Jeff Feest', 'stefanie32@example.net', '$2y$12$Bq.oy7YdSsyP9wrUxjAU4.vVHbPzON2.4lTaxFHXJEiL.kVdO0BlS', '3jdSASldtw', '2025-07-21 10:15:59', '2025-07-21 10:15:59', '2025-07-21 10:15:59'),
(12, 'Aliza Streich', 'germaine.dietrich@example.org', '$2y$12$Bq.oy7YdSsyP9wrUxjAU4.vVHbPzON2.4lTaxFHXJEiL.kVdO0BlS', 'FMimC8H0RD', '2025-07-21 10:15:59', '2025-07-21 10:15:59', '2025-07-21 10:15:59'),
(13, 'Prof. Rebeka Schumm', 'celestine.cassin@example.net', '$2y$12$Bq.oy7YdSsyP9wrUxjAU4.vVHbPzON2.4lTaxFHXJEiL.kVdO0BlS', 'KO7qBkxH4a', '2025-07-21 10:15:59', '2025-07-21 10:15:59', '2025-07-21 10:15:59'),
(14, 'Dr. Davonte Jaskolski', 'ena.gleichner@example.net', '$2y$12$Bq.oy7YdSsyP9wrUxjAU4.vVHbPzON2.4lTaxFHXJEiL.kVdO0BlS', 'c0jEXJBuIe', '2025-07-21 10:15:59', '2025-07-21 10:15:59', '2025-07-21 10:15:59'),
(15, 'Loma Nikolaus', 'gledner@example.org', '$2y$12$Bq.oy7YdSsyP9wrUxjAU4.vVHbPzON2.4lTaxFHXJEiL.kVdO0BlS', 'gWGimXFUG9', '2025-07-21 10:15:59', '2025-07-21 10:15:59', '2025-07-21 10:15:59'),
(16, 'Deron Frami', 'heaney.nyah@example.net', '$2y$12$n8ngKTreCWytt05eVBiVYOP786m8uOsR0A6McRi2IEeKcMqj89XUG', 'HybSpGn4yq', '2025-07-21 10:17:06', '2025-07-21 10:17:06', '2025-07-21 10:17:06'),
(17, 'Liam Bayer', 'elmira.block@example.net', '$2y$12$n8ngKTreCWytt05eVBiVYOP786m8uOsR0A6McRi2IEeKcMqj89XUG', 'HX96Lec79F', '2025-07-21 10:17:06', '2025-07-21 10:17:06', '2025-07-21 10:17:06'),
(18, 'Prof. Parker Greenfelder', 'rempel.toney@example.net', '$2y$12$n8ngKTreCWytt05eVBiVYOP786m8uOsR0A6McRi2IEeKcMqj89XUG', 'LqR3jkaMXl', '2025-07-21 10:17:06', '2025-07-21 10:17:06', '2025-07-21 10:17:06'),
(19, 'Prof. Adeline Kuhic PhD', 'ohara.enola@example.net', '$2y$12$n8ngKTreCWytt05eVBiVYOP786m8uOsR0A6McRi2IEeKcMqj89XUG', 'E6J69KAIjI', '2025-07-21 10:17:06', '2025-07-21 10:17:06', '2025-07-21 10:17:06'),
(20, 'Dr. Amani Runolfsson', 'afarrell@example.net', '$2y$12$n8ngKTreCWytt05eVBiVYOP786m8uOsR0A6McRi2IEeKcMqj89XUG', 'XTf4p4s6Wh', '2025-07-21 10:17:06', '2025-07-21 10:17:06', '2025-07-21 10:17:06'),
(21, 'Marques Keebler', 'carlee30@example.net', '$2y$12$n8ngKTreCWytt05eVBiVYOP786m8uOsR0A6McRi2IEeKcMqj89XUG', 'KV2vBdgAN4', '2025-07-21 10:17:06', '2025-07-21 10:17:06', '2025-07-21 10:17:06'),
(22, 'Dr. Dashawn Balistreri Jr.', 'cmosciski@example.org', '$2y$12$n8ngKTreCWytt05eVBiVYOP786m8uOsR0A6McRi2IEeKcMqj89XUG', 'DB9GvfGT1X', '2025-07-21 10:17:06', '2025-07-21 10:17:06', '2025-07-21 10:17:06'),
(23, 'Pearline Marvin', 'dane.stiedemann@example.org', '$2y$12$n8ngKTreCWytt05eVBiVYOP786m8uOsR0A6McRi2IEeKcMqj89XUG', '2llZwg4gzl', '2025-07-21 10:17:06', '2025-07-21 10:17:06', '2025-07-21 10:17:06'),
(24, 'Martina Gutmann', 'emma45@example.com', '$2y$12$n8ngKTreCWytt05eVBiVYOP786m8uOsR0A6McRi2IEeKcMqj89XUG', 'qlUcFKTeG3', '2025-07-21 10:17:06', '2025-07-21 10:17:06', '2025-07-21 10:17:06'),
(25, 'Prof. Gail Schultz PhD', 'wyman.lauretta@example.com', '$2y$12$n8ngKTreCWytt05eVBiVYOP786m8uOsR0A6McRi2IEeKcMqj89XUG', 'RxnfYdPWyB', '2025-07-21 10:17:06', '2025-07-21 10:17:06', '2025-07-21 10:17:06');

-- --------------------------------------------------------

--
-- Table structure for table `user_profiles`
--

CREATE TABLE `user_profiles` (
  `profile_id` int NOT NULL,
  `user_id` int DEFAULT NULL,
  `address` varchar(255) DEFAULT NULL,
  `phone` varchar(20) DEFAULT NULL,
  `created_at` timestamp NULL DEFAULT NULL,
  `updated_at` timestamp NULL DEFAULT NULL
) ENGINE=InnoDB DEFAULT CHARSET=utf8mb4 COLLATE=utf8mb4_0900_ai_ci;

--
-- Dumping data for table `user_profiles`
--

INSERT INTO `user_profiles` (`profile_id`, `user_id`, `address`, `phone`, `created_at`, `updated_at`) VALUES
(41, 1, NULL, NULL, '2025-07-21 10:27:34', '2025-07-21 10:27:34'),
(42, 2, NULL, NULL, '2025-07-21 10:27:34', '2025-07-21 10:27:34'),
(43, 3, NULL, NULL, '2025-07-21 10:27:34', '2025-07-21 10:27:34'),
(44, 4, NULL, NULL, '2025-07-21 10:27:34', '2025-07-21 10:27:34'),
(45, 5, NULL, NULL, '2025-07-21 10:27:34', '2025-07-21 10:27:34'),
(46, 6, NULL, NULL, '2025-07-21 10:27:34', '2025-07-21 10:27:34'),
(47, 7, NULL, NULL, '2025-07-21 10:27:34', '2025-07-21 10:27:34'),
(48, 8, NULL, NULL, '2025-07-21 10:27:34', '2025-07-21 10:27:34'),
(49, 9, NULL, NULL, '2025-07-21 10:27:34', '2025-07-21 10:27:34'),
(50, 10, NULL, NULL, '2025-07-21 10:27:34', '2025-07-21 10:27:34'),
(51, 11, NULL, NULL, '2025-07-21 10:27:34', '2025-07-21 10:27:34'),
(52, 12, NULL, NULL, '2025-07-21 10:27:34', '2025-07-21 10:27:34'),
(53, 13, NULL, NULL, '2025-07-21 10:27:34', '2025-07-21 10:27:34'),
(54, 14, NULL, NULL, '2025-07-21 10:27:34', '2025-07-21 10:27:34'),
(55, 15, NULL, NULL, '2025-07-21 10:27:34', '2025-07-21 10:27:34'),
(56, 16, NULL, NULL, '2025-07-21 10:27:34', '2025-07-21 10:27:34'),
(57, 17, NULL, NULL, '2025-07-21 10:27:34', '2025-07-21 10:27:34'),
(58, 18, NULL, NULL, '2025-07-21 10:27:34', '2025-07-21 10:27:34'),
(59, 19, NULL, NULL, '2025-07-21 10:27:34', '2025-07-21 10:27:34'),
(60, 20, NULL, NULL, '2025-07-21 10:27:34', '2025-07-21 10:27:34'),
(61, 21, NULL, NULL, '2025-07-21 10:27:34', '2025-07-21 10:27:34'),
(62, 22, NULL, NULL, '2025-07-21 10:27:34', '2025-07-21 10:27:34'),
(63, 23, NULL, NULL, '2025-07-21 10:27:34', '2025-07-21 10:27:34'),
(64, 24, NULL, NULL, '2025-07-21 10:27:34', '2025-07-21 10:27:34'),
(65, 25, NULL, NULL, '2025-07-21 10:27:34', '2025-07-21 10:27:34');

--
-- Indexes for dumped tables
--

--
-- Indexes for table `categories`
--
ALTER TABLE `categories`
  ADD PRIMARY KEY (`category_id`);

--
-- Indexes for table `log_delete_order`
--
ALTER TABLE `log_delete_order`
  ADD PRIMARY KEY (`id`);

--
-- Indexes for table `log_update_harga`
--
ALTER TABLE `log_update_harga`
  ADD PRIMARY KEY (`id`);

--
-- Indexes for table `orders`
--
ALTER TABLE `orders`
  ADD PRIMARY KEY (`order_id`),
  ADD KEY `idx_user_tanggal` (`user_id`,`order_date`);

--
-- Indexes for table `order_product`
--
ALTER TABLE `order_product`
  ADD PRIMARY KEY (`order_id`,`product_id`),
  ADD KEY `product_id` (`product_id`);

--
-- Indexes for table `products`
--
ALTER TABLE `products`
  ADD PRIMARY KEY (`product_id`),
  ADD KEY `idx_kategori_harga` (`category_id`,`price`);

--
-- Indexes for table `stok_produk`
--
ALTER TABLE `stok_produk`
  ADD PRIMARY KEY (`id`),
  ADD KEY `idx_produk_lokasi` (`product_id`,`lokasi`);

--
-- Indexes for table `users`
--
ALTER TABLE `users`
  ADD PRIMARY KEY (`user_id`),
  ADD UNIQUE KEY `email` (`email`);

--
-- Indexes for table `user_profiles`
--
ALTER TABLE `user_profiles`
  ADD PRIMARY KEY (`profile_id`),
  ADD KEY `user_id` (`user_id`);

--
-- AUTO_INCREMENT for dumped tables
--

--
-- AUTO_INCREMENT for table `categories`
--
ALTER TABLE `categories`
  MODIFY `category_id` int NOT NULL AUTO_INCREMENT, AUTO_INCREMENT=6;

--
-- AUTO_INCREMENT for table `log_delete_order`
--
ALTER TABLE `log_delete_order`
  MODIFY `id` int NOT NULL AUTO_INCREMENT;

--
-- AUTO_INCREMENT for table `log_update_harga`
--
ALTER TABLE `log_update_harga`
  MODIFY `id` int NOT NULL AUTO_INCREMENT, AUTO_INCREMENT=2;

--
-- AUTO_INCREMENT for table `orders`
--
ALTER TABLE `orders`
  MODIFY `order_id` int NOT NULL AUTO_INCREMENT, AUTO_INCREMENT=496;

--
-- AUTO_INCREMENT for table `products`
--
ALTER TABLE `products`
  MODIFY `product_id` int NOT NULL AUTO_INCREMENT, AUTO_INCREMENT=6008;

--
-- AUTO_INCREMENT for table `stok_produk`
--
ALTER TABLE `stok_produk`
  MODIFY `id` int NOT NULL AUTO_INCREMENT;

--
-- AUTO_INCREMENT for table `users`
--
ALTER TABLE `users`
  MODIFY `user_id` int NOT NULL AUTO_INCREMENT, AUTO_INCREMENT=26;

--
-- AUTO_INCREMENT for table `user_profiles`
--
ALTER TABLE `user_profiles`
  MODIFY `profile_id` int NOT NULL AUTO_INCREMENT, AUTO_INCREMENT=66;

-- --------------------------------------------------------

--
-- Structure for view `produk_mahal`
--
DROP TABLE IF EXISTS `produk_mahal`;

CREATE ALGORITHM=UNDEFINED DEFINER=`root`@`localhost` SQL SECURITY DEFINER VIEW `produk_mahal`  AS SELECT `products`.`product_id` AS `product_id`, `products`.`name` AS `name`, `products`.`price` AS `price`, `products`.`category_id` AS `category_id`, `products`.`created_at` AS `created_at`, `products`.`updated_at` AS `updated_at` FROM `products` WHERE (`products`.`price` > 100000) ;

-- --------------------------------------------------------

--
-- Structure for view `produk_mahal_nama`
--
DROP TABLE IF EXISTS `produk_mahal_nama`;

CREATE ALGORITHM=UNDEFINED DEFINER=`root`@`localhost` SQL SECURITY DEFINER VIEW `produk_mahal_nama`  AS SELECT `produk_mahal`.`product_id` AS `product_id`, `produk_mahal`.`name` AS `name`, `produk_mahal`.`price` AS `price`, `produk_mahal`.`category_id` AS `category_id`, `produk_mahal`.`created_at` AS `created_at`, `produk_mahal`.`updated_at` AS `updated_at` FROM `produk_mahal` WHERE (`produk_mahal`.`name` like 'A%')WITH CASCADED CHECK OPTION  ;

-- --------------------------------------------------------

--
-- Structure for view `produk_ringkas`
--
DROP TABLE IF EXISTS `produk_ringkas`;

CREATE ALGORITHM=UNDEFINED DEFINER=`root`@`localhost` SQL SECURITY DEFINER VIEW `produk_ringkas`  AS SELECT `products`.`name` AS `name`, `products`.`price` AS `price` FROM `products` ;

--
-- Constraints for dumped tables
--

--
-- Constraints for table `orders`
--
ALTER TABLE `orders`
  ADD CONSTRAINT `orders_ibfk_1` FOREIGN KEY (`user_id`) REFERENCES `users` (`user_id`);

--
-- Constraints for table `order_product`
--
ALTER TABLE `order_product`
  ADD CONSTRAINT `order_product_ibfk_1` FOREIGN KEY (`order_id`) REFERENCES `orders` (`order_id`),
  ADD CONSTRAINT `order_product_ibfk_2` FOREIGN KEY (`product_id`) REFERENCES `products` (`product_id`);

--
-- Constraints for table `products`
--
ALTER TABLE `products`
  ADD CONSTRAINT `products_ibfk_1` FOREIGN KEY (`category_id`) REFERENCES `categories` (`category_id`);

--
-- Constraints for table `user_profiles`
--
ALTER TABLE `user_profiles`
  ADD CONSTRAINT `user_profiles_ibfk_1` FOREIGN KEY (`user_id`) REFERENCES `users` (`user_id`);
COMMIT;

/*!40101 SET CHARACTER_SET_CLIENT=@OLD_CHARACTER_SET_CLIENT */;
/*!40101 SET CHARACTER_SET_RESULTS=@OLD_CHARACTER_SET_RESULTS */;
/*!40101 SET COLLATION_CONNECTION=@OLD_COLLATION_CONNECTION */;
